RATE_DATE,CURRENCY,RATE_TO_USD
2022-01-01,AUD,0.6512
2022-01-01,EUR,1.0732
2022-01-01,GBP,1.2709
2022-01-02,AUD,0.6536
2022-01-02,EUR,1.0742
2022-01-02,GBP,1.2722
2022-01-04,AUD,0.6548
2022-01-04,EUR,1.0728
2022-01-04,GBP,1.2639
2022-01-05,AUD,0.6531
2022-01-05,EUR,1.0848
2022-01-05,GBP,1.2705
2022-01-06,AUD,0.6443
2022-01-06,EUR,1.0803
2022-01-06,GBP,1.2655
2022-01-07,AUD,0.6504
2022-01-07,EUR,1.0799
2022-01-07,GBP,1.268
2022-01-08,AUD,0.6559
2022-01-08,EUR,1.0879
2022-01-08,GBP,1.2695
2022-01-09,AUD,0.6545
2022-01-09,EUR,1.0848
2022-01-09,GBP,1.2692
2022-01-11,AUD,0.6552
2022-01-11,EUR,1.073
2022-01-11,GBP,1.2632
2022-01-12,AUD,0.6543
2022-01-12,EUR,1.0735
2022-01-12,GBP,1.2687
2022-01-13,AUD,0.6479
2022-01-13,EUR,1.0794
2022-01-13,GBP,1.2692
2022-01-14,AUD,0.6548
2022-01-14,EUR,1.0776
2022-01-14,GBP,1.2642
2022-01-15,AUD,0.646
2022-01-15,EUR,1.0838
2022-01-15,GBP,1.2716
2022-01-16,AUD,0.6515
2022-01-16,EUR,1.0755
2022-01-16,GBP,1.2745
2022-01-18,AUD,0.6547
2022-01-18,EUR,1.0824
2022-01-18,GBP,1.2747
2022-01-19,AUD,0.6461
2022-01-19,EUR,1.0791
2022-01-19,GBP,1.2634
2022-01-20,AUD,0.6481
2022-01-20,EUR,1.075
2022-01-20,GBP,1.2692
2022-01-21,AUD,0.6488
2022-01-21,EUR,1.0767
2022-01-21,GBP,1.2674
2022-01-22,AUD,0.6528
2022-01-22,EUR,1.0768
2022-01-22,GBP,1.2704
2022-01-23,AUD,0.6558
2022-01-23,EUR,1.0778
2022-01-23,GBP,1.269
2022-01-25,AUD,0.6494
2022-01-25,EUR,1.0725
2022-01-25,GBP,1.2688
2022-01-26,AUD,0.6513
2022-01-26,EUR,1.084
2022-01-26,GBP,1.2721
2022-01-27,AUD,0.652
2022-01-27,EUR,1.0875
2022-01-27,GBP,1.2708
2022-01-28,AUD,0.6485
2022-01-28,EUR,1.0788
2022-01-28,GBP,1.2718
2022-01-29,AUD,0.6452
2022-01-29,EUR,1.0844
2022-01-29,GBP,1.2656
2022-01-30,AUD,0.6547
2022-01-30,EUR,1.082
2022-01-30,GBP,1.2743
2022-02-01,AUD,0.6509
2022-02-01,EUR,1.0844
2022-02-01,GBP,1.2691
2022-02-02,AUD,0.6485
2022-02-02,EUR,1.0787
2022-02-02,GBP,1.2751
2022-02-03,AUD,0.6508
2022-02-03,EUR,1.0779
2022-02-03,GBP,1.274
2022-02-04,AUD,0.6543
2022-02-04,EUR,1.0745
2022-02-04,GBP,1.2689
2022-02-05,AUD,0.6452
2022-02-05,EUR,1.0798
2022-02-05,GBP,1.2631
2022-02-06,AUD,0.6461
2022-02-06,EUR,1.087
2022-02-06,GBP,1.2684
2022-02-08,AUD,0.6528
2022-02-08,EUR,1.0856
2022-02-08,GBP,1.2751
2022-02-09,AUD,0.6467
2022-02-09,EUR,1.0723
2022-02-09,GBP,1.2635
2022-02-10,AUD,0.6513
2022-02-10,EUR,1.0788
2022-02-10,GBP,1.2646
2022-02-11,AUD,0.656
2022-02-11,EUR,1.0782
2022-02-11,GBP,1.2682
2022-02-12,AUD,0.6557
2022-02-12,EUR,1.0792
2022-02-12,GBP,1.2645
2022-02-13,AUD,0.6546
2022-02-13,EUR,1.0732
2022-02-13,GBP,1.27
2022-02-15,AUD,0.6462
2022-02-15,EUR,1.0853
2022-02-15,GBP,1.2767
2022-02-16,AUD,0.6508
2022-02-16,EUR,1.0803
2022-02-16,GBP,1.267
2022-02-17,AUD,0.6495
2022-02-17,EUR,1.0782
2022-02-17,GBP,1.2633
2022-02-18,AUD,0.6463
2022-02-18,EUR,1.0867
2022-02-18,GBP,1.2706
2022-02-19,AUD,0.6473
2022-02-19,EUR,1.0726
2022-02-19,GBP,1.2714
2022-02-20,AUD,0.6488
2022-02-20,EUR,1.0767
2022-02-20,GBP,1.2655
2022-02-22,AUD,0.6482
2022-02-22,EUR,1.0842
2022-02-22,GBP,1.277
2022-02-23,AUD,0.6511
2022-02-23,EUR,1.0789
2022-02-23,GBP,1.2709
2022-02-24,AUD,0.6448
2022-02-24,EUR,1.0813
2022-02-24,GBP,1.2724
2022-02-25,AUD,0.6493
2022-02-25,EUR,1.0865
2022-02-25,GBP,1.2681
2022-02-26,AUD,0.6478
2022-02-26,EUR,1.0733
2022-02-26,GBP,1.2692
2022-02-27,AUD,0.6491
2022-02-27,EUR,1.078
2022-02-27,GBP,1.2739
2022-03-01,AUD,0.6523
2022-03-01,EUR,1.0795
2022-03-01,GBP,1.2711
2022-03-02,AUD,0.6555
2022-03-02,EUR,1.0809
2022-03-02,GBP,1.2644
2022-03-03,AUD,0.6484
2022-03-03,EUR,1.0845
2022-03-03,GBP,1.2737
2022-03-04,AUD,0.6481
2022-03-04,EUR,1.0864
2022-03-04,GBP,1.2735
2022-03-05,AUD,0.6553
2022-03-05,EUR,1.0787
2022-03-05,GBP,1.2767
2022-03-06,AUD,0.655
2022-03-06,EUR,1.0731
2022-03-06,GBP,1.2706
2022-03-08,AUD,0.6518
2022-03-08,EUR,1.0842
2022-03-08,GBP,1.2638
2022-03-09,AUD,0.6507
2022-03-09,EUR,1.0761
2022-03-09,GBP,1.2647
2022-03-10,AUD,0.6472
2022-03-10,EUR,1.0782
2022-03-10,GBP,1.2746
2022-03-11,AUD,0.6471
2022-03-11,EUR,1.0818
2022-03-11,GBP,1.2717
2022-03-12,AUD,0.6511
2022-03-12,EUR,1.0772
2022-03-12,GBP,1.2715
2022-03-13,AUD,0.6482
2022-03-13,EUR,1.0837
2022-03-13,GBP,1.2662
2022-03-15,AUD,0.6448
2022-03-15,EUR,1.0839
2022-03-15,GBP,1.2741
2022-03-16,AUD,0.6533
2022-03-16,EUR,1.0863
2022-03-16,GBP,1.2642
2022-03-17,AUD,0.652
2022-03-17,EUR,1.0803
2022-03-17,GBP,1.2762
2022-03-18,AUD,0.6554
2022-03-18,EUR,1.0765
2022-03-18,GBP,1.2754
2022-03-19,AUD,0.6441
2022-03-19,EUR,1.0829
2022-03-19,GBP,1.2766
2022-03-20,AUD,0.6494
2022-03-20,EUR,1.0844
2022-03-20,GBP,1.2713
2022-03-22,AUD,0.6542
2022-03-22,EUR,1.0786
2022-03-22,GBP,1.2677
2022-03-23,AUD,0.6496
2022-03-23,EUR,1.0813
2022-03-23,GBP,1.2769
2022-03-24,AUD,0.6495
2022-03-24,EUR,1.0809
2022-03-24,GBP,1.2679
2022-03-25,AUD,0.6538
2022-03-25,EUR,1.0871
2022-03-25,GBP,1.2748
2022-03-26,AUD,0.65
2022-03-26,EUR,1.0749
2022-03-26,GBP,1.2715
2022-03-27,AUD,0.6553
2022-03-27,EUR,1.0815
2022-03-27,GBP,1.2681
2022-03-29,AUD,0.6471
2022-03-29,EUR,1.0877
2022-03-29,GBP,1.2726
2022-03-30,AUD,0.6492
2022-03-30,EUR,1.0763
2022-03-30,GBP,1.2674
2022-03-31,AUD,0.6544
2022-03-31,EUR,1.0828
2022-03-31,GBP,1.2631
2022-04-01,AUD,0.6538
2022-04-01,EUR,1.0827
2022-04-01,GBP,1.272
2022-04-02,AUD,0.6544
2022-04-02,EUR,1.0759
2022-04-02,GBP,1.2655
2022-04-03,AUD,0.644
2022-04-03,EUR,1.0749
2022-04-03,GBP,1.2673
2022-04-05,AUD,0.6441
2022-04-05,EUR,1.0865
2022-04-05,GBP,1.2763
2022-04-06,AUD,0.6457
2022-04-06,EUR,1.0819
2022-04-06,GBP,1.2663
2022-04-07,AUD,0.6501
2022-04-07,EUR,1.0855
2022-04-07,GBP,1.2669
2022-04-08,AUD,0.6524
2022-04-08,EUR,1.0865
2022-04-08,GBP,1.2634
2022-04-09,AUD,0.6495
2022-04-09,EUR,1.0767
2022-04-09,GBP,1.2763
2022-04-10,AUD,0.6447
2022-04-10,EUR,1.0762
2022-04-10,GBP,1.2669
2022-04-12,AUD,0.6533
2022-04-12,EUR,1.0742
2022-04-12,GBP,1.2719
2022-04-13,AUD,0.6513
2022-04-13,EUR,1.075
2022-04-13,GBP,1.2761
2022-04-14,AUD,0.655
2022-04-14,EUR,1.0807
2022-04-14,GBP,1.265
2022-04-15,AUD,0.6525
2022-04-15,EUR,1.0848
2022-04-15,GBP,1.2647
2022-04-16,AUD,0.6459
2022-04-16,EUR,1.082
2022-04-16,GBP,1.2677
2022-04-17,AUD,0.6554
2022-04-17,EUR,1.0864
2022-04-17,GBP,1.2679
2022-04-19,AUD,0.6468
2022-04-19,EUR,1.0737
2022-04-19,GBP,1.2674
2022-04-20,AUD,0.6523
2022-04-20,EUR,1.0725
2022-04-20,GBP,1.2727
2022-04-21,AUD,0.6453
2022-04-21,EUR,1.0782
2022-04-21,GBP,1.2733
2022-04-22,AUD,0.65
2022-04-22,EUR,1.0865
2022-04-22,GBP,1.2632
2022-04-23,AUD,0.6486
2022-04-23,EUR,1.0848
2022-04-23,GBP,1.2721
2022-04-24,AUD,0.6503
2022-04-24,EUR,1.0759
2022-04-24,GBP,1.2745
2022-04-26,AUD,0.6467
2022-04-26,EUR,1.0802
2022-04-26,GBP,1.2754
2022-04-27,AUD,0.6492
2022-04-27,EUR,1.0855
2022-04-27,GBP,1.266
2022-04-28,AUD,0.6553
2022-04-28,EUR,1.0752
2022-04-28,GBP,1.2647
2022-04-29,AUD,0.6487
2022-04-29,EUR,1.084
2022-04-29,GBP,1.2695
2022-04-30,AUD,0.6536
2022-04-30,EUR,1.0853
2022-04-30,GBP,1.2702
2022-05-01,AUD,0.6552
2022-05-01,EUR,1.0783
2022-05-01,GBP,1.2653
2022-05-03,AUD,0.6541
2022-05-03,EUR,1.0751
2022-05-03,GBP,1.2673
2022-05-04,AUD,0.6487
2022-05-04,EUR,1.0751
2022-05-04,GBP,1.2649
2022-05-05,AUD,0.6534
2022-05-05,EUR,1.0768
2022-05-05,GBP,1.2704
2022-05-06,AUD,0.6456
2022-05-06,EUR,1.0861
2022-05-06,GBP,1.2753
2022-05-07,AUD,0.6495
2022-05-07,EUR,1.0785
2022-05-07,GBP,1.2766
2022-05-08,AUD,0.6525
2022-05-08,EUR,1.0728
2022-05-08,GBP,1.2673
2022-05-10,AUD,0.6495
2022-05-10,EUR,1.0824
2022-05-10,GBP,1.2761
2022-05-11,AUD,0.6534
2022-05-11,EUR,1.0833
2022-05-11,GBP,1.2671
2022-05-12,AUD,0.6517
2022-05-12,EUR,1.0813
2022-05-12,GBP,1.2654
2022-05-13,AUD,0.6465
2022-05-13,EUR,1.0801
2022-05-13,GBP,1.2649
2022-05-14,AUD,0.651
2022-05-14,EUR,1.0759
2022-05-14,GBP,1.2662
2022-05-15,AUD,0.6485
2022-05-15,EUR,1.0785
2022-05-15,GBP,1.2766
2022-05-17,AUD,0.6457
2022-05-17,EUR,1.0875
2022-05-17,GBP,1.2763
2022-05-18,AUD,0.6556
2022-05-18,EUR,1.0742
2022-05-18,GBP,1.275
2022-05-19,AUD,0.6554
2022-05-19,EUR,1.0747
2022-05-19,GBP,1.276
2022-05-20,AUD,0.6548
2022-05-20,EUR,1.0795
2022-05-20,GBP,1.2752
2022-05-21,AUD,0.6542
2022-05-21,EUR,1.0876
2022-05-21,GBP,1.2637
2022-05-22,AUD,0.6446
2022-05-22,EUR,1.0856
2022-05-22,GBP,1.2694
2022-05-24,AUD,0.647
2022-05-24,EUR,1.0721
2022-05-24,GBP,1.2676
2022-05-25,AUD,0.6522
2022-05-25,EUR,1.0874
2022-05-25,GBP,1.2683
2022-05-26,AUD,0.6512
2022-05-26,EUR,1.0869
2022-05-26,GBP,1.2718
2022-05-27,AUD,0.6495
2022-05-27,EUR,1.0773
2022-05-27,GBP,1.2644
2022-05-28,AUD,0.6469
2022-05-28,EUR,1.0825
2022-05-28,GBP,1.2701
2022-05-29,AUD,0.646
2022-05-29,EUR,1.0862
2022-05-29,GBP,1.2686
2022-05-31,AUD,0.6485
2022-05-31,EUR,1.0825
2022-05-31,GBP,1.268
2022-06-01,AUD,0.6446
2022-06-01,EUR,1.0837
2022-06-01,GBP,1.269
2022-06-02,AUD,0.6506
2022-06-02,EUR,1.0794
2022-06-02,GBP,1.2652
2022-06-03,AUD,0.651
2022-06-03,EUR,1.0824
2022-06-03,GBP,1.2658
2022-06-04,AUD,0.6514
2022-06-04,EUR,1.0867
2022-06-04,GBP,1.2678
2022-06-05,AUD,0.6495
2022-06-05,EUR,1.0771
2022-06-05,GBP,1.2759
2022-06-07,AUD,0.6446
2022-06-07,EUR,1.0803
2022-06-07,GBP,1.2746
2022-06-08,AUD,0.6532
2022-06-08,EUR,1.0745
2022-06-08,GBP,1.2686
2022-06-09,AUD,0.6538
2022-06-09,EUR,1.0842
2022-06-09,GBP,1.2654
2022-06-10,AUD,0.6548
2022-06-10,EUR,1.0802
2022-06-10,GBP,1.2653
2022-06-11,AUD,0.6457
2022-06-11,EUR,1.0764
2022-06-11,GBP,1.2633
2022-06-12,AUD,0.6513
2022-06-12,EUR,1.0769
2022-06-12,GBP,1.2686
2022-06-14,AUD,0.6462
2022-06-14,EUR,1.0873
2022-06-14,GBP,1.2699
2022-06-15,AUD,0.6493
2022-06-15,EUR,1.0857
2022-06-15,GBP,1.2701
2022-06-16,AUD,0.6547
2022-06-16,EUR,1.0776
2022-06-16,GBP,1.2696
2022-06-17,AUD,0.6535
2022-06-17,EUR,1.0775
2022-06-17,GBP,1.2715
2022-06-18,AUD,0.6453
2022-06-18,EUR,1.0858
2022-06-18,GBP,1.2728
2022-06-19,AUD,0.6497
2022-06-19,EUR,1.0754
2022-06-19,GBP,1.2754
2022-06-21,AUD,0.6489
2022-06-21,EUR,1.0748
2022-06-21,GBP,1.2689
2022-06-22,AUD,0.6519
2022-06-22,EUR,1.0845
2022-06-22,GBP,1.2691
2022-06-23,AUD,0.6458
2022-06-23,EUR,1.0772
2022-06-23,GBP,1.2693
2022-06-24,AUD,0.6446
2022-06-24,EUR,1.0876
2022-06-24,GBP,1.2739
2022-06-25,AUD,0.6471
2022-06-25,EUR,1.0787
2022-06-25,GBP,1.2762
2022-06-26,AUD,0.6453
2022-06-26,EUR,1.0732
2022-06-26,GBP,1.2659
2022-06-28,AUD,0.656
2022-06-28,EUR,1.0725
2022-06-28,GBP,1.2723
2022-06-29,AUD,0.6493
2022-06-29,EUR,1.0856
2022-06-29,GBP,1.2709
2022-06-30,AUD,0.6462
2022-06-30,EUR,1.0745
2022-06-30,GBP,1.2696
2022-07-01,AUD,0.6512
2022-07-01,EUR,1.0762
2022-07-01,GBP,1.2762
2022-07-02,AUD,0.6479
2022-07-02,EUR,1.0847
2022-07-02,GBP,1.2748
2022-07-03,AUD,0.6535
2022-07-03,EUR,1.083
2022-07-03,GBP,1.2691
2022-07-05,AUD,0.6515
2022-07-05,EUR,1.0757
2022-07-05,GBP,1.2766
2022-07-06,AUD,0.6532
2022-07-06,EUR,1.0834
2022-07-06,GBP,1.271
2022-07-07,AUD,0.6549
2022-07-07,EUR,1.0766
2022-07-07,GBP,1.2666
2022-07-08,AUD,0.6548
2022-07-08,EUR,1.0858
2022-07-08,GBP,1.2693
2022-07-09,AUD,0.6462
2022-07-09,EUR,1.0729
2022-07-09,GBP,1.2658
2022-07-10,AUD,0.6482
2022-07-10,EUR,1.0764
2022-07-10,GBP,1.2708
2022-07-12,AUD,0.6526
2022-07-12,EUR,1.0817
2022-07-12,GBP,1.2698
2022-07-13,AUD,0.6515
2022-07-13,EUR,1.0741
2022-07-13,GBP,1.267
2022-07-14,AUD,0.6479
2022-07-14,EUR,1.0853
2022-07-14,GBP,1.269
2022-07-15,AUD,0.6515
2022-07-15,EUR,1.0737
2022-07-15,GBP,1.2652
2022-07-16,AUD,0.6549
2022-07-16,EUR,1.087
2022-07-16,GBP,1.2691
2022-07-17,AUD,0.6465
2022-07-17,EUR,1.0834
2022-07-17,GBP,1.2769
2022-07-19,AUD,0.6503
2022-07-19,EUR,1.0837
2022-07-19,GBP,1.2744
2022-07-20,AUD,0.6499
2022-07-20,EUR,1.0772
2022-07-20,GBP,1.2747
2022-07-21,AUD,0.6559
2022-07-21,EUR,1.0872
2022-07-21,GBP,1.2762
2022-07-22,AUD,0.6506
2022-07-22,EUR,1.0836
2022-07-22,GBP,1.2702
2022-07-23,AUD,0.6545
2022-07-23,EUR,1.0842
2022-07-23,GBP,1.2719
2022-07-24,AUD,0.6521
2022-07-24,EUR,1.0732
2022-07-24,GBP,1.2755
2022-07-26,AUD,0.6441
2022-07-26,EUR,1.0803
2022-07-26,GBP,1.2636
2022-07-27,AUD,0.6554
2022-07-27,EUR,1.0849
2022-07-27,GBP,1.2749
2022-07-28,AUD,0.6536
2022-07-28,EUR,1.0831
2022-07-28,GBP,1.2687
2022-07-29,AUD,0.6551
2022-07-29,EUR,1.0862
2022-07-29,GBP,1.2634
2022-07-30,AUD,0.6475
2022-07-30,EUR,1.0721
2022-07-30,GBP,1.2688
2022-07-31,AUD,0.6541
2022-07-31,EUR,1.0751
2022-07-31,GBP,1.2729
2022-08-02,AUD,0.6536
2022-08-02,EUR,1.0778
2022-08-02,GBP,1.2681
2022-08-03,AUD,0.6486
2022-08-03,EUR,1.0743
2022-08-03,GBP,1.2648
2022-08-04,AUD,0.6531
2022-08-04,EUR,1.0793
2022-08-04,GBP,1.2724
2022-08-05,AUD,0.6446
2022-08-05,EUR,1.087
2022-08-05,GBP,1.2668
2022-08-06,AUD,0.6482
2022-08-06,EUR,1.0874
2022-08-06,GBP,1.2712
2022-08-07,AUD,0.652
2022-08-07,EUR,1.0842
2022-08-07,GBP,1.2695
2022-08-09,AUD,0.6467
2022-08-09,EUR,1.0774
2022-08-09,GBP,1.2668
2022-08-10,AUD,0.6548
2022-08-10,EUR,1.0728
2022-08-10,GBP,1.2735
2022-08-11,AUD,0.6447
2022-08-11,EUR,1.0876
2022-08-11,GBP,1.2677
2022-08-12,AUD,0.6489
2022-08-12,EUR,1.0755
2022-08-12,GBP,1.2752
2022-08-13,AUD,0.6538
2022-08-13,EUR,1.0805
2022-08-13,GBP,1.2695
2022-08-14,AUD,0.6496
2022-08-14,EUR,1.0766
2022-08-14,GBP,1.2755
2022-08-16,AUD,0.654
2022-08-16,EUR,1.0856
2022-08-16,GBP,1.2671
2022-08-17,AUD,0.6464
2022-08-17,EUR,1.0811
2022-08-17,GBP,1.27
2022-08-18,AUD,0.6551
2022-08-18,EUR,1.0722
2022-08-18,GBP,1.2666
2022-08-19,AUD,0.6464
2022-08-19,EUR,1.0757
2022-08-19,GBP,1.2658
2022-08-20,AUD,0.6504
2022-08-20,EUR,1.0801
2022-08-20,GBP,1.2679
2022-08-21,AUD,0.6512
2022-08-21,EUR,1.0866
2022-08-21,GBP,1.273
2022-08-23,AUD,0.6462
2022-08-23,EUR,1.0728
2022-08-23,GBP,1.2706
2022-08-24,AUD,0.6499
2022-08-24,EUR,1.0851
2022-08-24,GBP,1.2759
2022-08-25,AUD,0.6539
2022-08-25,EUR,1.0831
2022-08-25,GBP,1.2744
2022-08-26,AUD,0.6542
2022-08-26,EUR,1.0799
2022-08-26,GBP,1.2684
2022-08-27,AUD,0.6447
2022-08-27,EUR,1.0786
2022-08-27,GBP,1.272
2022-08-28,AUD,0.6531
2022-08-28,EUR,1.082
2022-08-28,GBP,1.2728
2022-08-30,AUD,0.6448
2022-08-30,EUR,1.0843
2022-08-30,GBP,1.2737
2022-08-31,AUD,0.6528
2022-08-31,EUR,1.0752
2022-08-31,GBP,1.2657
2022-09-01,AUD,0.6457
2022-09-01,EUR,1.0783
2022-09-01,GBP,1.263
2022-09-02,AUD,0.6541
2022-09-02,EUR,1.081
2022-09-02,GBP,1.2645
2022-09-03,AUD,0.65
2022-09-03,EUR,1.0829
2022-09-03,GBP,1.273
2022-09-04,AUD,0.6556
2022-09-04,EUR,1.0752
2022-09-04,GBP,1.2693
2022-09-06,AUD,0.6498
2022-09-06,EUR,1.0803
2022-09-06,GBP,1.2641
2022-09-07,AUD,0.6485
2022-09-07,EUR,1.086
2022-09-07,GBP,1.2711
2022-09-08,AUD,0.6541
2022-09-08,EUR,1.079
2022-09-08,GBP,1.2704
2022-09-09,AUD,0.6483
2022-09-09,EUR,1.0874
2022-09-09,GBP,1.268
2022-09-10,AUD,0.6446
2022-09-10,EUR,1.0871
2022-09-10,GBP,1.265
2022-09-11,AUD,0.6467
2022-09-11,EUR,1.088
2022-09-11,GBP,1.2685
2022-09-13,AUD,0.6506
2022-09-13,EUR,1.0804
2022-09-13,GBP,1.2739
2022-09-14,AUD,0.6503
2022-09-14,EUR,1.076
2022-09-14,GBP,1.2747
2022-09-15,AUD,0.6484
2022-09-15,EUR,1.0774
2022-09-15,GBP,1.2762
2022-09-16,AUD,0.6538
2022-09-16,EUR,1.0846
2022-09-16,GBP,1.274
2022-09-17,AUD,0.6531
2022-09-17,EUR,1.0813
2022-09-17,GBP,1.2683
2022-09-18,AUD,0.6509
2022-09-18,EUR,1.0874
2022-09-18,GBP,1.2637
2022-09-20,AUD,0.6552
2022-09-20,EUR,1.0814
2022-09-20,GBP,1.2701
2022-09-21,AUD,0.6555
2022-09-21,EUR,1.0832
2022-09-21,GBP,1.2747
2022-09-22,AUD,0.6513
2022-09-22,EUR,1.0759
2022-09-22,GBP,1.2743
2022-09-23,AUD,0.6556
2022-09-23,EUR,1.0842
2022-09-23,GBP,1.2638
2022-09-24,AUD,0.6547
2022-09-24,EUR,1.0728
2022-09-24,GBP,1.2708
2022-09-25,AUD,0.6529
2022-09-25,EUR,1.0732
2022-09-25,GBP,1.2631
2022-09-27,AUD,0.6523
2022-09-27,EUR,1.085
2022-09-27,GBP,1.2681
2022-09-28,AUD,0.6516
2022-09-28,EUR,1.0835
2022-09-28,GBP,1.2674
2022-09-29,AUD,0.6494
2022-09-29,EUR,1.08
2022-09-29,GBP,1.2727
2022-09-30,AUD,0.6461
2022-09-30,EUR,1.0863
2022-09-30,GBP,1.2684
2022-10-01,AUD,0.6527
2022-10-01,EUR,1.0755
2022-10-01,GBP,1.2699
2022-10-02,AUD,0.6521
2022-10-02,EUR,1.0834
2022-10-02,GBP,1.2757
2022-10-04,AUD,0.6469
2022-10-04,EUR,1.0803
2022-10-04,GBP,1.2665
2022-10-05,AUD,0.644
2022-10-05,EUR,1.0856
2022-10-05,GBP,1.2738
2022-10-06,AUD,0.6545
2022-10-06,EUR,1.08
2022-10-06,GBP,1.2721
2022-10-07,AUD,0.6483
2022-10-07,EUR,1.0777
2022-10-07,GBP,1.267
2022-10-08,AUD,0.6475
2022-10-08,EUR,1.0765
2022-10-08,GBP,1.2767
2022-10-09,AUD,0.6509
2022-10-09,EUR,1.0809
2022-10-09,GBP,1.275
2022-10-11,AUD,0.6524
2022-10-11,EUR,1.0807
2022-10-11,GBP,1.2742
2022-10-12,AUD,0.6457
2022-10-12,EUR,1.0764
2022-10-12,GBP,1.2701
2022-10-13,AUD,0.6448
2022-10-13,EUR,1.0855
2022-10-13,GBP,1.2634
2022-10-14,AUD,0.6467
2022-10-14,EUR,1.0799
2022-10-14,GBP,1.2739
2022-10-15,AUD,0.6503
2022-10-15,EUR,1.0804
2022-10-15,GBP,1.2748
2022-10-16,AUD,0.6559
2022-10-16,EUR,1.0798
2022-10-16,GBP,1.27
2022-10-18,AUD,0.6505
2022-10-18,EUR,1.0831
2022-10-18,GBP,1.2765
2022-10-19,AUD,0.6519
2022-10-19,EUR,1.075
2022-10-19,GBP,1.2654
2022-10-20,AUD,0.6539
2022-10-20,EUR,1.0838
2022-10-20,GBP,1.2703
2022-10-21,AUD,0.6483
2022-10-21,EUR,1.0736
2022-10-21,GBP,1.2726
2022-10-22,AUD,0.6548
2022-10-22,EUR,1.073
2022-10-22,GBP,1.2666
2022-10-23,AUD,0.6531
2022-10-23,EUR,1.0821
2022-10-23,GBP,1.2639
2022-10-25,AUD,0.6517
2022-10-25,EUR,1.0806
2022-10-25,GBP,1.2668
2022-10-26,AUD,0.6462
2022-10-26,EUR,1.0833
2022-10-26,GBP,1.2742
2022-10-27,AUD,0.6465
2022-10-27,EUR,1.087
2022-10-27,GBP,1.2666
2022-10-28,AUD,0.6511
2022-10-28,EUR,1.0811
2022-10-28,GBP,1.2665
2022-10-29,AUD,0.6498
2022-10-29,EUR,1.0786
2022-10-29,GBP,1.2709
2022-10-30,AUD,0.6459
2022-10-30,EUR,1.0788
2022-10-30,GBP,1.2758
2022-11-01,AUD,0.6442
2022-11-01,EUR,1.0781
2022-11-01,GBP,1.2715
2022-11-02,AUD,0.6485
2022-11-02,EUR,1.0723
2022-11-02,GBP,1.2767
2022-11-03,AUD,0.6488
2022-11-03,EUR,1.0798
2022-11-03,GBP,1.2758
2022-11-04,AUD,0.6528
2022-11-04,EUR,1.0739
2022-11-04,GBP,1.2715
2022-11-05,AUD,0.6509
2022-11-05,EUR,1.0822
2022-11-05,GBP,1.275
2022-11-06,AUD,0.646
2022-11-06,EUR,1.0731
2022-11-06,GBP,1.2714
2022-11-08,AUD,0.6487
2022-11-08,EUR,1.0784
2022-11-08,GBP,1.2752
2022-11-09,AUD,0.6449
2022-11-09,EUR,1.0762
2022-11-09,GBP,1.2734
2022-11-10,AUD,0.6506
2022-11-10,EUR,1.0828
2022-11-10,GBP,1.2679
2022-11-11,AUD,0.6548
2022-11-11,EUR,1.0784
2022-11-11,GBP,1.2632
2022-11-12,AUD,0.6514
2022-11-12,EUR,1.0872
2022-11-12,GBP,1.2657
2022-11-13,AUD,0.6553
2022-11-13,EUR,1.0775
2022-11-13,GBP,1.2741
2022-11-15,AUD,0.6496
2022-11-15,EUR,1.083
2022-11-15,GBP,1.2671
2022-11-16,AUD,0.6524
2022-11-16,EUR,1.0767
2022-11-16,GBP,1.2729
2022-11-17,AUD,0.645
2022-11-17,EUR,1.0806
2022-11-17,GBP,1.272
2022-11-18,AUD,0.656
2022-11-18,EUR,1.077
2022-11-18,GBP,1.2699
2022-11-19,AUD,0.6544
2022-11-19,EUR,1.0863
2022-11-19,GBP,1.2715
2022-11-20,AUD,0.6448
2022-11-20,EUR,1.0843
2022-11-20,GBP,1.2682
2022-11-22,AUD,0.6487
2022-11-22,EUR,1.0764
2022-11-22,GBP,1.2696
2022-11-23,AUD,0.6485
2022-11-23,EUR,1.0875
2022-11-23,GBP,1.2709
2022-11-24,AUD,0.6551
2022-11-24,EUR,1.082
2022-11-24,GBP,1.2662
2022-11-25,AUD,0.651
2022-11-25,EUR,1.0852
2022-11-25,GBP,1.2662
2022-11-26,AUD,0.6528
2022-11-26,EUR,1.087
2022-11-26,GBP,1.2637
2022-11-27,AUD,0.6472
2022-11-27,EUR,1.0729
2022-11-27,GBP,1.2638
2022-11-29,AUD,0.6541
2022-11-29,EUR,1.0791
2022-11-29,GBP,1.264
2022-11-30,AUD,0.6556
2022-11-30,EUR,1.0856
2022-11-30,GBP,1.2705
2022-12-01,AUD,0.655
2022-12-01,EUR,1.0872
2022-12-01,GBP,1.2694
2022-12-02,AUD,0.6445
2022-12-02,EUR,1.0788
2022-12-02,GBP,1.263
2022-12-03,AUD,0.6447
2022-12-03,EUR,1.074
2022-12-03,GBP,1.2758
2022-12-04,AUD,0.6504
2022-12-04,EUR,1.0846
2022-12-04,GBP,1.2654
2022-12-06,AUD,0.6474
2022-12-06,EUR,1.0833
2022-12-06,GBP,1.2684
2022-12-07,AUD,0.648
2022-12-07,EUR,1.0723
2022-12-07,GBP,1.2683
2022-12-08,AUD,0.6496
2022-12-08,EUR,1.0829
2022-12-08,GBP,1.2752
2022-12-09,AUD,0.6442
2022-12-09,EUR,1.0846
2022-12-09,GBP,1.2674
2022-12-10,AUD,0.6516
2022-12-10,EUR,1.075
2022-12-10,GBP,1.2648
2022-12-11,AUD,0.6501
2022-12-11,EUR,1.0874
2022-12-11,GBP,1.2718
2022-12-13,AUD,0.6467
2022-12-13,EUR,1.0747
2022-12-13,GBP,1.2681
2022-12-14,AUD,0.6541
2022-12-14,EUR,1.0742
2022-12-14,GBP,1.2756
2022-12-15,AUD,0.6557
2022-12-15,EUR,1.0785
2022-12-15,GBP,1.2725
2022-12-16,AUD,0.6466
2022-12-16,EUR,1.0846
2022-12-16,GBP,1.2738
2022-12-17,AUD,0.6473
2022-12-17,EUR,1.0735
2022-12-17,GBP,1.2707
2022-12-18,AUD,0.6513
2022-12-18,EUR,1.0866
2022-12-18,GBP,1.2713
2022-12-20,AUD,0.6558
2022-12-20,EUR,1.0858
2022-12-20,GBP,1.2683
2022-12-21,AUD,0.6547
2022-12-21,EUR,1.0836
2022-12-21,GBP,1.2669
2022-12-22,AUD,0.6496
2022-12-22,EUR,1.0831
2022-12-22,GBP,1.2678
2022-12-23,AUD,0.646
2022-12-23,EUR,1.084
2022-12-23,GBP,1.2747
2022-12-24,AUD,0.6453
2022-12-24,EUR,1.0816
2022-12-24,GBP,1.276
2022-12-25,AUD,0.6501
2022-12-25,EUR,1.0863
2022-12-25,GBP,1.276
2022-12-27,AUD,0.6539
2022-12-27,EUR,1.0814
2022-12-27,GBP,1.27
2022-12-28,AUD,0.6559
2022-12-28,EUR,1.0815
2022-12-28,GBP,1.264
2022-12-29,AUD,0.652
2022-12-29,EUR,1.0808
2022-12-29,GBP,1.2666
2022-12-30,AUD,0.6557
2022-12-30,EUR,1.0734
2022-12-30,GBP,1.2756
2022-12-31,AUD,0.6505
2022-12-31,EUR,1.0841
2022-12-31,GBP,1.2764
2023-01-01,AUD,0.6523
2023-01-01,EUR,1.0826
2023-01-01,GBP,1.2658
2023-01-03,AUD,0.6521
2023-01-03,EUR,1.0846
2023-01-03,GBP,1.2704
2023-01-04,AUD,0.6504
2023-01-04,EUR,1.0776
2023-01-04,GBP,1.2702
2023-01-05,AUD,0.6544
2023-01-05,EUR,1.0729
2023-01-05,GBP,1.2728
2023-01-06,AUD,0.649
2023-01-06,EUR,1.0783
2023-01-06,GBP,1.2663
2023-01-07,AUD,0.6448
2023-01-07,EUR,1.0755
2023-01-07,GBP,1.2688
2023-01-08,AUD,0.6554
2023-01-08,EUR,1.0858
2023-01-08,GBP,1.2674
2023-01-10,AUD,0.6531
2023-01-10,EUR,1.0851
2023-01-10,GBP,1.2736
2023-01-11,AUD,0.6552
2023-01-11,EUR,1.0816
2023-01-11,GBP,1.2639
2023-01-12,AUD,0.6554
2023-01-12,EUR,1.081
2023-01-12,GBP,1.2744
2023-01-13,AUD,0.6503
2023-01-13,EUR,1.0865
2023-01-13,GBP,1.2654
2023-01-14,AUD,0.6519
2023-01-14,EUR,1.0752
2023-01-14,GBP,1.2721
2023-01-15,AUD,0.6528
2023-01-15,EUR,1.0824
2023-01-15,GBP,1.2737
2023-01-17,AUD,0.6519
2023-01-17,EUR,1.0841
2023-01-17,GBP,1.2769
2023-01-18,AUD,0.6496
2023-01-18,EUR,1.0775
2023-01-18,GBP,1.2726
2023-01-19,AUD,0.6448
2023-01-19,EUR,1.0861
2023-01-19,GBP,1.2678
2023-01-20,AUD,0.6495
2023-01-20,EUR,1.0745
2023-01-20,GBP,1.267
2023-01-21,AUD,0.6451
2023-01-21,EUR,1.078
2023-01-21,GBP,1.268
2023-01-22,AUD,0.6551
2023-01-22,EUR,1.0729
2023-01-22,GBP,1.2707
2023-01-24,AUD,0.6538
2023-01-24,EUR,1.079
2023-01-24,GBP,1.272
2023-01-25,AUD,0.6507
2023-01-25,EUR,1.0767
2023-01-25,GBP,1.2718
2023-01-26,AUD,0.6462
2023-01-26,EUR,1.0839
2023-01-26,GBP,1.2689
2023-01-27,AUD,0.6531
2023-01-27,EUR,1.0777
2023-01-27,GBP,1.2651
2023-01-28,AUD,0.6524
2023-01-28,EUR,1.0769
2023-01-28,GBP,1.2707
2023-01-29,AUD,0.647
2023-01-29,EUR,1.0776
2023-01-29,GBP,1.2643
2023-01-31,AUD,0.6495
2023-01-31,EUR,1.0838
2023-01-31,GBP,1.2761
2023-02-01,AUD,0.6544
2023-02-01,EUR,1.0842
2023-02-01,GBP,1.2754
2023-02-02,AUD,0.6476
2023-02-02,EUR,1.0776
2023-02-02,GBP,1.2694
2023-02-03,AUD,0.6519
2023-02-03,EUR,1.0776
2023-02-03,GBP,1.2732
2023-02-04,AUD,0.6503
2023-02-04,EUR,1.0856
2023-02-04,GBP,1.273
2023-02-05,AUD,0.6457
2023-02-05,EUR,1.0756
2023-02-05,GBP,1.2722
2023-02-07,AUD,0.6457
2023-02-07,EUR,1.0728
2023-02-07,GBP,1.2659
2023-02-08,AUD,0.6556
2023-02-08,EUR,1.0781
2023-02-08,GBP,1.2762
2023-02-09,AUD,0.6539
2023-02-09,EUR,1.0843
2023-02-09,GBP,1.2665
2023-02-10,AUD,0.6532
2023-02-10,EUR,1.0776
2023-02-10,GBP,1.2712
2023-02-11,AUD,0.6544
2023-02-11,EUR,1.08
2023-02-11,GBP,1.2742
2023-02-12,AUD,0.6484
2023-02-12,EUR,1.0798
2023-02-12,GBP,1.275
2023-02-14,AUD,0.652
2023-02-14,EUR,1.0807
2023-02-14,GBP,1.2765
2023-02-15,AUD,0.6507
2023-02-15,EUR,1.0872
2023-02-15,GBP,1.2649
2023-02-16,AUD,0.6546
2023-02-16,EUR,1.0836
2023-02-16,GBP,1.2704
2023-02-17,AUD,0.653
2023-02-17,EUR,1.0733
2023-02-17,GBP,1.2722
2023-02-18,AUD,0.65
2023-02-18,EUR,1.0728
2023-02-18,GBP,1.2755
2023-02-19,AUD,0.6478
2023-02-19,EUR,1.077
2023-02-19,GBP,1.2725
2023-02-21,AUD,0.6492
2023-02-21,EUR,1.079
2023-02-21,GBP,1.2749
2023-02-22,AUD,0.6514
2023-02-22,EUR,1.084
2023-02-22,GBP,1.2673
2023-02-23,AUD,0.647
2023-02-23,EUR,1.086
2023-02-23,GBP,1.274
2023-02-24,AUD,0.6533
2023-02-24,EUR,1.0869
2023-02-24,GBP,1.2721
2023-02-25,AUD,0.6541
2023-02-25,EUR,1.0802
2023-02-25,GBP,1.2746
2023-02-26,AUD,0.6448
2023-02-26,EUR,1.0844
2023-02-26,GBP,1.2663
2023-02-28,AUD,0.6487
2023-02-28,EUR,1.0764
2023-02-28,GBP,1.2658
2023-03-01,AUD,0.6549
2023-03-01,EUR,1.0743
2023-03-01,GBP,1.2716
2023-03-02,AUD,0.6536
2023-03-02,EUR,1.08
2023-03-02,GBP,1.2666
2023-03-03,AUD,0.6525
2023-03-03,EUR,1.073
2023-03-03,GBP,1.2734
2023-03-04,AUD,0.6447
2023-03-04,EUR,1.0755
2023-03-04,GBP,1.2714
2023-03-05,AUD,0.6447
2023-03-05,EUR,1.0866
2023-03-05,GBP,1.2732
2023-03-07,AUD,0.651
2023-03-07,EUR,1.0846
2023-03-07,GBP,1.2687
2023-03-08,AUD,0.6443
2023-03-08,EUR,1.0851
2023-03-08,GBP,1.2636
2023-03-09,AUD,0.6545
2023-03-09,EUR,1.0863
2023-03-09,GBP,1.2635
2023-03-10,AUD,0.6504
2023-03-10,EUR,1.0724
2023-03-10,GBP,1.2702
2023-03-11,AUD,0.6464
2023-03-11,EUR,1.0815
2023-03-11,GBP,1.2664
2023-03-12,AUD,0.6547
2023-03-12,EUR,1.073
2023-03-12,GBP,1.2651
2023-03-14,AUD,0.6459
2023-03-14,EUR,1.0767
2023-03-14,GBP,1.2747
2023-03-15,AUD,0.6493
2023-03-15,EUR,1.0846
2023-03-15,GBP,1.2676
2023-03-16,AUD,0.649
2023-03-16,EUR,1.0822
2023-03-16,GBP,1.2672
2023-03-17,AUD,0.6457
2023-03-17,EUR,1.0833
2023-03-17,GBP,1.2721
2023-03-18,AUD,0.6472
2023-03-18,EUR,1.0827
2023-03-18,GBP,1.2764
2023-03-19,AUD,0.6515
2023-03-19,EUR,1.0804
2023-03-19,GBP,1.2688
2023-03-21,AUD,0.6457
2023-03-21,EUR,1.0742
2023-03-21,GBP,1.2738
2023-03-22,AUD,0.6485
2023-03-22,EUR,1.0844
2023-03-22,GBP,1.2674
2023-03-23,AUD,0.6444
2023-03-23,EUR,1.0762
2023-03-23,GBP,1.2712
2023-03-24,AUD,0.6557
2023-03-24,EUR,1.0865
2023-03-24,GBP,1.2729
2023-03-25,AUD,0.6537
2023-03-25,EUR,1.0737
2023-03-25,GBP,1.2711
2023-03-26,AUD,0.6556
2023-03-26,EUR,1.0878
2023-03-26,GBP,1.265
2023-03-28,AUD,0.6482
2023-03-28,EUR,1.0778
2023-03-28,GBP,1.2642
2023-03-29,AUD,0.6465
2023-03-29,EUR,1.0854
2023-03-29,GBP,1.2736
2023-03-30,AUD,0.6535
2023-03-30,EUR,1.075
2023-03-30,GBP,1.2711
2023-03-31,AUD,0.6504
2023-03-31,EUR,1.0732
2023-03-31,GBP,1.2636
2023-04-01,AUD,0.6525
2023-04-01,EUR,1.0729
2023-04-01,GBP,1.2719
2023-04-02,AUD,0.6501
2023-04-02,EUR,1.0731
2023-04-02,GBP,1.2745
2023-04-04,AUD,0.654
2023-04-04,EUR,1.0722
2023-04-04,GBP,1.2751
2023-04-05,AUD,0.6547
2023-04-05,EUR,1.0767
2023-04-05,GBP,1.2737
2023-04-06,AUD,0.6527
2023-04-06,EUR,1.0878
2023-04-06,GBP,1.2713
2023-04-07,AUD,0.6525
2023-04-07,EUR,1.0782
2023-04-07,GBP,1.2769
2023-04-08,AUD,0.6558
2023-04-08,EUR,1.076
2023-04-08,GBP,1.2712
2023-04-09,AUD,0.6507
2023-04-09,EUR,1.0832
2023-04-09,GBP,1.2709
2023-04-11,AUD,0.6488
2023-04-11,EUR,1.0839
2023-04-11,GBP,1.2724
2023-04-12,AUD,0.6558
2023-04-12,EUR,1.0743
2023-04-12,GBP,1.27
2023-04-13,AUD,0.6472
2023-04-13,EUR,1.078
2023-04-13,GBP,1.2671
2023-04-14,AUD,0.6549
2023-04-14,EUR,1.0826
2023-04-14,GBP,1.2688
2023-04-15,AUD,0.655
2023-04-15,EUR,1.0831
2023-04-15,GBP,1.2767
2023-04-16,AUD,0.6536
2023-04-16,EUR,1.0762
2023-04-16,GBP,1.2688
2023-04-18,AUD,0.6525
2023-04-18,EUR,1.0767
2023-04-18,GBP,1.2699
2023-04-19,AUD,0.6481
2023-04-19,EUR,1.0823
2023-04-19,GBP,1.2725
2023-04-20,AUD,0.6499
2023-04-20,EUR,1.0862
2023-04-20,GBP,1.2651
2023-04-21,AUD,0.6517
2023-04-21,EUR,1.0792
2023-04-21,GBP,1.2636
2023-04-22,AUD,0.6548
2023-04-22,EUR,1.0723
2023-04-22,GBP,1.271
2023-04-23,AUD,0.6542
2023-04-23,EUR,1.0782
2023-04-23,GBP,1.2765
2023-04-25,AUD,0.6481
2023-04-25,EUR,1.0823
2023-04-25,GBP,1.2656
2023-04-26,AUD,0.6489
2023-04-26,EUR,1.0724
2023-04-26,GBP,1.2767
2023-04-27,AUD,0.6516
2023-04-27,EUR,1.0753
2023-04-27,GBP,1.2721
2023-04-28,AUD,0.6532
2023-04-28,EUR,1.0875
2023-04-28,GBP,1.2681
2023-04-29,AUD,0.6463
2023-04-29,EUR,1.0782
2023-04-29,GBP,1.2752
2023-04-30,AUD,0.6486
2023-04-30,EUR,1.0857
2023-04-30,GBP,1.2734
2023-05-02,AUD,0.6442
2023-05-02,EUR,1.0868
2023-05-02,GBP,1.2759
2023-05-03,AUD,0.6547
2023-05-03,EUR,1.0742
2023-05-03,GBP,1.272
2023-05-04,AUD,0.6481
2023-05-04,EUR,1.0822
2023-05-04,GBP,1.2705
2023-05-05,AUD,0.6466
2023-05-05,EUR,1.0822
2023-05-05,GBP,1.275
2023-05-06,AUD,0.6476
2023-05-06,EUR,1.0827
2023-05-06,GBP,1.2739
2023-05-07,AUD,0.6558
2023-05-07,EUR,1.0854
2023-05-07,GBP,1.2743
2023-05-09,AUD,0.6491
2023-05-09,EUR,1.0726
2023-05-09,GBP,1.2673
2023-05-10,AUD,0.6537
2023-05-10,EUR,1.075
2023-05-10,GBP,1.2644
2023-05-11,AUD,0.6521
2023-05-11,EUR,1.0808
2023-05-11,GBP,1.2716
2023-05-12,AUD,0.6553
2023-05-12,EUR,1.076
2023-05-12,GBP,1.2747
2023-05-13,AUD,0.6544
2023-05-13,EUR,1.0843
2023-05-13,GBP,1.2652
2023-05-14,AUD,0.6558
2023-05-14,EUR,1.0828
2023-05-14,GBP,1.271
2023-05-16,AUD,0.6471
2023-05-16,EUR,1.086
2023-05-16,GBP,1.2701
2023-05-17,AUD,0.6491
2023-05-17,EUR,1.0852
2023-05-17,GBP,1.2653
2023-05-18,AUD,0.6522
2023-05-18,EUR,1.0765
2023-05-18,GBP,1.2644
2023-05-19,AUD,0.6553
2023-05-19,EUR,1.0725
2023-05-19,GBP,1.2694
2023-05-20,AUD,0.6552
2023-05-20,EUR,1.0866
2023-05-20,GBP,1.2753
2023-05-21,AUD,0.6509
2023-05-21,EUR,1.0867
2023-05-21,GBP,1.2678
2023-05-23,AUD,0.6558
2023-05-23,EUR,1.0781
2023-05-23,GBP,1.271
2023-05-24,AUD,0.6455
2023-05-24,EUR,1.0725
2023-05-24,GBP,1.2731
2023-05-25,AUD,0.6472
2023-05-25,EUR,1.0834
2023-05-25,GBP,1.2644
2023-05-26,AUD,0.6528
2023-05-26,EUR,1.0788
2023-05-26,GBP,1.2651
2023-05-27,AUD,0.6453
2023-05-27,EUR,1.0773
2023-05-27,GBP,1.2703
2023-05-28,AUD,0.6451
2023-05-28,EUR,1.0796
2023-05-28,GBP,1.2736
2023-05-30,AUD,0.6494
2023-05-30,EUR,1.075
2023-05-30,GBP,1.272
2023-05-31,AUD,0.6507
2023-05-31,EUR,1.0766
2023-05-31,GBP,1.2662
2023-06-01,AUD,0.6446
2023-06-01,EUR,1.0792
2023-06-01,GBP,1.273
2023-06-02,AUD,0.6543
2023-06-02,EUR,1.0792
2023-06-02,GBP,1.2703
2023-06-03,AUD,0.6505
2023-06-03,EUR,1.0772
2023-06-03,GBP,1.2706
2023-06-04,AUD,0.6513
2023-06-04,EUR,1.0781
2023-06-04,GBP,1.2677
2023-06-06,AUD,0.6512
2023-06-06,EUR,1.0813
2023-06-06,GBP,1.2739
2023-06-07,AUD,0.6456
2023-06-07,EUR,1.0859
2023-06-07,GBP,1.2764
2023-06-08,AUD,0.6485
2023-06-08,EUR,1.0873
2023-06-08,GBP,1.2693
2023-06-09,AUD,0.6468
2023-06-09,EUR,1.0789
2023-06-09,GBP,1.2761
2023-06-10,AUD,0.652
2023-06-10,EUR,1.0826
2023-06-10,GBP,1.2662
2023-06-11,AUD,0.6545
2023-06-11,EUR,1.0825
2023-06-11,GBP,1.2725
2023-06-13,AUD,0.65
2023-06-13,EUR,1.0836
2023-06-13,GBP,1.2656
2023-06-14,AUD,0.6513
2023-06-14,EUR,1.0726
2023-06-14,GBP,1.2678
2023-06-15,AUD,0.647
2023-06-15,EUR,1.0812
2023-06-15,GBP,1.2684
2023-06-16,AUD,0.6474
2023-06-16,EUR,1.0781
2023-06-16,GBP,1.2635
2023-06-17,AUD,0.6456
2023-06-17,EUR,1.0865
2023-06-17,GBP,1.2762
2023-06-18,AUD,0.6473
2023-06-18,EUR,1.0751
2023-06-18,GBP,1.2768
2023-06-20,AUD,0.6485
2023-06-20,EUR,1.0721
2023-06-20,GBP,1.2749
2023-06-21,AUD,0.6484
2023-06-21,EUR,1.0838
2023-06-21,GBP,1.2632
2023-06-22,AUD,0.646
2023-06-22,EUR,1.0873
2023-06-22,GBP,1.2683
2023-06-23,AUD,0.6461
2023-06-23,EUR,1.0756
2023-06-23,GBP,1.2669
2023-06-24,AUD,0.6544
2023-06-24,EUR,1.0857
2023-06-24,GBP,1.263
2023-06-25,AUD,0.6472
2023-06-25,EUR,1.0752
2023-06-25,GBP,1.2733
2023-06-27,AUD,0.6521
2023-06-27,EUR,1.0777
2023-06-27,GBP,1.2738
2023-06-28,AUD,0.6442
2023-06-28,EUR,1.073
2023-06-28,GBP,1.2754
2023-06-29,AUD,0.6458
2023-06-29,EUR,1.0722
2023-06-29,GBP,1.2732
2023-06-30,AUD,0.65
2023-06-30,EUR,1.0795
2023-06-30,GBP,1.2731
2023-07-01,AUD,0.6471
2023-07-01,EUR,1.0842
2023-07-01,GBP,1.277
2023-07-02,AUD,0.6473
2023-07-02,EUR,1.0722
2023-07-02,GBP,1.2752
2023-07-04,AUD,0.6485
2023-07-04,EUR,1.0802
2023-07-04,GBP,1.2652
2023-07-05,AUD,0.6519
2023-07-05,EUR,1.0723
2023-07-05,GBP,1.2654
2023-07-06,AUD,0.6535
2023-07-06,EUR,1.0866
2023-07-06,GBP,1.2668
2023-07-07,AUD,0.6517
2023-07-07,EUR,1.0746
2023-07-07,GBP,1.2696
2023-07-08,AUD,0.6525
2023-07-08,EUR,1.0763
2023-07-08,GBP,1.2708
2023-07-09,AUD,0.6494
2023-07-09,EUR,1.081
2023-07-09,GBP,1.2679
2023-07-11,AUD,0.6539
2023-07-11,EUR,1.0869
2023-07-11,GBP,1.2736
2023-07-12,AUD,0.6536
2023-07-12,EUR,1.0798
2023-07-12,GBP,1.2677
2023-07-13,AUD,0.6532
2023-07-13,EUR,1.088
2023-07-13,GBP,1.2673
2023-07-14,AUD,0.6478
2023-07-14,EUR,1.0794
2023-07-14,GBP,1.2737
2023-07-15,AUD,0.6483
2023-07-15,EUR,1.0865
2023-07-15,GBP,1.2668
2023-07-16,AUD,0.647
2023-07-16,EUR,1.0824
2023-07-16,GBP,1.2709
2023-07-18,AUD,0.645
2023-07-18,EUR,1.0794
2023-07-18,GBP,1.274
2023-07-19,AUD,0.6468
2023-07-19,EUR,1.0856
2023-07-19,GBP,1.2742
2023-07-20,AUD,0.6482
2023-07-20,EUR,1.0739
2023-07-20,GBP,1.2655
2023-07-21,AUD,0.6485
2023-07-21,EUR,1.0832
2023-07-21,GBP,1.2688
2023-07-22,AUD,0.6461
2023-07-22,EUR,1.075
2023-07-22,GBP,1.2669
2023-07-23,AUD,0.649
2023-07-23,EUR,1.0783
2023-07-23,GBP,1.2701
2023-07-25,AUD,0.6529
2023-07-25,EUR,1.0822
2023-07-25,GBP,1.2699
2023-07-26,AUD,0.6469
2023-07-26,EUR,1.0792
2023-07-26,GBP,1.2716
2023-07-27,AUD,0.651
2023-07-27,EUR,1.0776
2023-07-27,GBP,1.2652
2023-07-28,AUD,0.6477
2023-07-28,EUR,1.0865
2023-07-28,GBP,1.2685
2023-07-29,AUD,0.6475
2023-07-29,EUR,1.0772
2023-07-29,GBP,1.2742
2023-07-30,AUD,0.6449
2023-07-30,EUR,1.0756
2023-07-30,GBP,1.2703
2023-08-01,AUD,0.646
2023-08-01,EUR,1.08
2023-08-01,GBP,1.2719
2023-08-02,AUD,0.6483
2023-08-02,EUR,1.0763
2023-08-02,GBP,1.2684
2023-08-03,AUD,0.6481
2023-08-03,EUR,1.0733
2023-08-03,GBP,1.2652
2023-08-04,AUD,0.6541
2023-08-04,EUR,1.0783
2023-08-04,GBP,1.2702
2023-08-05,AUD,0.6492
2023-08-05,EUR,1.0761
2023-08-05,GBP,1.2666
2023-08-06,AUD,0.6464
2023-08-06,EUR,1.0835
2023-08-06,GBP,1.2707
2023-08-08,AUD,0.6498
2023-08-08,EUR,1.0827
2023-08-08,GBP,1.2696
2023-08-09,AUD,0.6504
2023-08-09,EUR,1.074
2023-08-09,GBP,1.2731
2023-08-10,AUD,0.6549
2023-08-10,EUR,1.078
2023-08-10,GBP,1.2744
2023-08-11,AUD,0.6513
2023-08-11,EUR,1.0754
2023-08-11,GBP,1.2681
2023-08-12,AUD,0.6474
2023-08-12,EUR,1.0875
2023-08-12,GBP,1.2766
2023-08-13,AUD,0.6552
2023-08-13,EUR,1.0792
2023-08-13,GBP,1.2674
2023-08-15,AUD,0.6503
2023-08-15,EUR,1.0787
2023-08-15,GBP,1.2725
2023-08-16,AUD,0.6483
2023-08-16,EUR,1.0731
2023-08-16,GBP,1.2689
2023-08-17,AUD,0.6538
2023-08-17,EUR,1.0878
2023-08-17,GBP,1.2658
2023-08-18,AUD,0.6552
2023-08-18,EUR,1.0722
2023-08-18,GBP,1.2747
2023-08-19,AUD,0.6546
2023-08-19,EUR,1.0813
2023-08-19,GBP,1.2748
2023-08-20,AUD,0.6447
2023-08-20,EUR,1.0862
2023-08-20,GBP,1.2737
2023-08-22,AUD,0.6458
2023-08-22,EUR,1.0765
2023-08-22,GBP,1.2768
2023-08-23,AUD,0.6462
2023-08-23,EUR,1.0824
2023-08-23,GBP,1.2651
2023-08-24,AUD,0.6532
2023-08-24,EUR,1.0764
2023-08-24,GBP,1.2748
2023-08-25,AUD,0.6553
2023-08-25,EUR,1.0769
2023-08-25,GBP,1.2654
2023-08-26,AUD,0.6505
2023-08-26,EUR,1.0806
2023-08-26,GBP,1.2733
2023-08-27,AUD,0.6495
2023-08-27,EUR,1.0864
2023-08-27,GBP,1.2732
2023-08-29,AUD,0.6555
2023-08-29,EUR,1.0862
2023-08-29,GBP,1.2638
2023-08-30,AUD,0.6485
2023-08-30,EUR,1.0731
2023-08-30,GBP,1.2687
2023-08-31,AUD,0.6527
2023-08-31,EUR,1.0782
2023-08-31,GBP,1.2741
2023-09-01,AUD,0.6498
2023-09-01,EUR,1.0859
2023-09-01,GBP,1.265
2023-09-02,AUD,0.6451
2023-09-02,EUR,1.0872
2023-09-02,GBP,1.2731
2023-09-03,AUD,0.6523
2023-09-03,EUR,1.0792
2023-09-03,GBP,1.2679
2023-09-05,AUD,0.6532
2023-09-05,EUR,1.0721
2023-09-05,GBP,1.272
2023-09-06,AUD,0.6498
2023-09-06,EUR,1.0847
2023-09-06,GBP,1.2743
2023-09-07,AUD,0.6444
2023-09-07,EUR,1.0853
2023-09-07,GBP,1.2756
2023-09-08,AUD,0.6461
2023-09-08,EUR,1.085
2023-09-08,GBP,1.2689
2023-09-09,AUD,0.6521
2023-09-09,EUR,1.0783
2023-09-09,GBP,1.2756
2023-09-10,AUD,0.646
2023-09-10,EUR,1.0723
2023-09-10,GBP,1.2651
2023-09-12,AUD,0.653
2023-09-12,EUR,1.0863
2023-09-12,GBP,1.2724
2023-09-13,AUD,0.648
2023-09-13,EUR,1.0749
2023-09-13,GBP,1.2689
2023-09-14,AUD,0.6506
2023-09-14,EUR,1.0838
2023-09-14,GBP,1.2634
2023-09-15,AUD,0.652
2023-09-15,EUR,1.081
2023-09-15,GBP,1.265
2023-09-16,AUD,0.6537
2023-09-16,EUR,1.0763
2023-09-16,GBP,1.2692
2023-09-17,AUD,0.6477
2023-09-17,EUR,1.0854
2023-09-17,GBP,1.2695
2023-09-19,AUD,0.6553
2023-09-19,EUR,1.0818
2023-09-19,GBP,1.266
2023-09-20,AUD,0.6491
2023-09-20,EUR,1.0818
2023-09-20,GBP,1.2738
2023-09-21,AUD,0.6479
2023-09-21,EUR,1.0794
2023-09-21,GBP,1.269
2023-09-22,AUD,0.6492
2023-09-22,EUR,1.087
2023-09-22,GBP,1.2681
2023-09-23,AUD,0.6446
2023-09-23,EUR,1.082
2023-09-23,GBP,1.265
2023-09-24,AUD,0.645
2023-09-24,EUR,1.0766
2023-09-24,GBP,1.2737
2023-09-26,AUD,0.6545
2023-09-26,EUR,1.0824
2023-09-26,GBP,1.276
2023-09-27,AUD,0.6548
2023-09-27,EUR,1.0739
2023-09-27,GBP,1.2686
2023-09-28,AUD,0.6461
2023-09-28,EUR,1.0858
2023-09-28,GBP,1.2643
2023-09-29,AUD,0.6522
2023-09-29,EUR,1.0792
2023-09-29,GBP,1.268
2023-09-30,AUD,0.6445
2023-09-30,EUR,1.0816
2023-09-30,GBP,1.2701
2023-10-01,AUD,0.6502
2023-10-01,EUR,1.0752
2023-10-01,GBP,1.2764
2023-10-03,AUD,0.654
2023-10-03,EUR,1.0759
2023-10-03,GBP,1.2744
2023-10-04,AUD,0.6456
2023-10-04,EUR,1.0855
2023-10-04,GBP,1.2744
2023-10-05,AUD,0.6459
2023-10-05,EUR,1.0826
2023-10-05,GBP,1.2691
2023-10-06,AUD,0.6515
2023-10-06,EUR,1.0867
2023-10-06,GBP,1.2692
2023-10-07,AUD,0.6503
2023-10-07,EUR,1.0795
2023-10-07,GBP,1.2695
2023-10-08,AUD,0.6522
2023-10-08,EUR,1.0746
2023-10-08,GBP,1.2728
2023-10-10,AUD,0.6514
2023-10-10,EUR,1.0723
2023-10-10,GBP,1.2762
2023-10-11,AUD,0.6551
2023-10-11,EUR,1.0878
2023-10-11,GBP,1.2676
2023-10-12,AUD,0.6471
2023-10-12,EUR,1.0783
2023-10-12,GBP,1.2738
2023-10-13,AUD,0.6548
2023-10-13,EUR,1.0772
2023-10-13,GBP,1.2668
2023-10-14,AUD,0.6524
2023-10-14,EUR,1.0833
2023-10-14,GBP,1.2711
2023-10-15,AUD,0.6552
2023-10-15,EUR,1.0735
2023-10-15,GBP,1.2757
2023-10-17,AUD,0.6527
2023-10-17,EUR,1.0767
2023-10-17,GBP,1.2648
2023-10-18,AUD,0.6443
2023-10-18,EUR,1.0825
2023-10-18,GBP,1.2647
2023-10-19,AUD,0.6513
2023-10-19,EUR,1.0853
2023-10-19,GBP,1.2727
2023-10-20,AUD,0.6478
2023-10-20,EUR,1.0802
2023-10-20,GBP,1.2757
2023-10-21,AUD,0.6536
2023-10-21,EUR,1.0748
2023-10-21,GBP,1.2709
2023-10-22,AUD,0.653
2023-10-22,EUR,1.0725
2023-10-22,GBP,1.2733
2023-10-24,AUD,0.6507
2023-10-24,EUR,1.0766
2023-10-24,GBP,1.2653
2023-10-25,AUD,0.6458
2023-10-25,EUR,1.0746
2023-10-25,GBP,1.2642
2023-10-26,AUD,0.6484
2023-10-26,EUR,1.0772
2023-10-26,GBP,1.2705
2023-10-27,AUD,0.6468
2023-10-27,EUR,1.0826
2023-10-27,GBP,1.2769
2023-10-28,AUD,0.6507
2023-10-28,EUR,1.0749
2023-10-28,GBP,1.2736
2023-10-29,AUD,0.6467
2023-10-29,EUR,1.0824
2023-10-29,GBP,1.2662
2023-10-31,AUD,0.6448
2023-10-31,EUR,1.086
2023-10-31,GBP,1.2693
2023-11-01,AUD,0.646
2023-11-01,EUR,1.0809
2023-11-01,GBP,1.2722
2023-11-02,AUD,0.646
2023-11-02,EUR,1.0794
2023-11-02,GBP,1.2741
2023-11-03,AUD,0.6533
2023-11-03,EUR,1.0877
2023-11-03,GBP,1.2736
2023-11-04,AUD,0.6537
2023-11-04,EUR,1.0754
2023-11-04,GBP,1.27
2023-11-05,AUD,0.6491
2023-11-05,EUR,1.084
2023-11-05,GBP,1.2739
2023-11-07,AUD,0.6497
2023-11-07,EUR,1.0854
2023-11-07,GBP,1.2636
2023-11-08,AUD,0.6457
2023-11-08,EUR,1.0776
2023-11-08,GBP,1.2699
2023-11-09,AUD,0.6533
2023-11-09,EUR,1.0768
2023-11-09,GBP,1.2707
2023-11-10,AUD,0.6467
2023-11-10,EUR,1.0722
2023-11-10,GBP,1.2652
2023-11-11,AUD,0.6459
2023-11-11,EUR,1.0777
2023-11-11,GBP,1.2666
2023-11-12,AUD,0.6543
2023-11-12,EUR,1.0853
2023-11-12,GBP,1.2686
2023-11-14,AUD,0.6553
2023-11-14,EUR,1.081
2023-11-14,GBP,1.2633
2023-11-15,AUD,0.6474
2023-11-15,EUR,1.0721
2023-11-15,GBP,1.267
2023-11-16,AUD,0.6472
2023-11-16,EUR,1.0758
2023-11-16,GBP,1.2721
2023-11-17,AUD,0.6462
2023-11-17,EUR,1.0842
2023-11-17,GBP,1.2682
2023-11-18,AUD,0.6556
2023-11-18,EUR,1.0853
2023-11-18,GBP,1.2632
2023-11-19,AUD,0.6466
2023-11-19,EUR,1.0789
2023-11-19,GBP,1.2674
2023-11-21,AUD,0.6524
2023-11-21,EUR,1.0747
2023-11-21,GBP,1.2687
2023-11-22,AUD,0.6462
2023-11-22,EUR,1.0762
2023-11-22,GBP,1.27
2023-11-23,AUD,0.6503
2023-11-23,EUR,1.0738
2023-11-23,GBP,1.2695
2023-11-24,AUD,0.6505
2023-11-24,EUR,1.086
2023-11-24,GBP,1.2729
2023-11-25,AUD,0.6516
2023-11-25,EUR,1.0865
2023-11-25,GBP,1.2742
2023-11-26,AUD,0.6441
2023-11-26,EUR,1.0811
2023-11-26,GBP,1.273
2023-11-28,AUD,0.6451
2023-11-28,EUR,1.0728
2023-11-28,GBP,1.2718
2023-11-29,AUD,0.6555
2023-11-29,EUR,1.0783
2023-11-29,GBP,1.2667
2023-11-30,AUD,0.6517
2023-11-30,EUR,1.0849
2023-11-30,GBP,1.2714
2023-12-01,AUD,0.6545
2023-12-01,EUR,1.0781
2023-12-01,GBP,1.2648
2023-12-02,AUD,0.6551
2023-12-02,EUR,1.0778
2023-12-02,GBP,1.2691
2023-12-03,AUD,0.6544
2023-12-03,EUR,1.0861
2023-12-03,GBP,1.2704
2023-12-05,AUD,0.6559
2023-12-05,EUR,1.0836
2023-12-05,GBP,1.2704
2023-12-06,AUD,0.6457
2023-12-06,EUR,1.0728
2023-12-06,GBP,1.2636
2023-12-07,AUD,0.6526
2023-12-07,EUR,1.0783
2023-12-07,GBP,1.2748
2023-12-08,AUD,0.6472
2023-12-08,EUR,1.0854
2023-12-08,GBP,1.277
2023-12-09,AUD,0.6449
2023-12-09,EUR,1.0746
2023-12-09,GBP,1.2667
2023-12-10,AUD,0.6443
2023-12-10,EUR,1.087
2023-12-10,GBP,1.2656
2023-12-12,AUD,0.6472
2023-12-12,EUR,1.072
2023-12-12,GBP,1.2719
2023-12-13,AUD,0.6535
2023-12-13,EUR,1.0818
2023-12-13,GBP,1.2643
2023-12-14,AUD,0.6521
2023-12-14,EUR,1.0841
2023-12-14,GBP,1.2717
2023-12-15,AUD,0.6481
2023-12-15,EUR,1.0763
2023-12-15,GBP,1.2668
2023-12-16,AUD,0.646
2023-12-16,EUR,1.0739
2023-12-16,GBP,1.2662
2023-12-17,AUD,0.6501
2023-12-17,EUR,1.0758
2023-12-17,GBP,1.2642
2023-12-19,AUD,0.6503
2023-12-19,EUR,1.0794
2023-12-19,GBP,1.2651
2023-12-20,AUD,0.6492
2023-12-20,EUR,1.0821
2023-12-20,GBP,1.2668
2023-12-21,AUD,0.653
2023-12-21,EUR,1.0738
2023-12-21,GBP,1.2682
2023-12-22,AUD,0.655
2023-12-22,EUR,1.0767
2023-12-22,GBP,1.266
2023-12-23,AUD,0.6529
2023-12-23,EUR,1.0763
2023-12-23,GBP,1.2729
2023-12-24,AUD,0.6533
2023-12-24,EUR,1.0815
2023-12-24,GBP,1.2682
2023-12-26,AUD,0.6521
2023-12-26,EUR,1.079
2023-12-26,GBP,1.2649
2023-12-27,AUD,0.6456
2023-12-27,EUR,1.0749
2023-12-27,GBP,1.2693
2023-12-28,AUD,0.6482
2023-12-28,EUR,1.0805
2023-12-28,GBP,1.2718
2023-12-29,AUD,0.6476
2023-12-29,EUR,1.0866
2023-12-29,GBP,1.2736
2023-12-30,AUD,0.6513
2023-12-30,EUR,1.0847
2023-12-30,GBP,1.2635
2023-12-31,AUD,0.651
2023-12-31,EUR,1.078
2023-12-31,GBP,1.2694
2024-01-02,AUD,0.6469
2024-01-02,EUR,1.0723
2024-01-02,GBP,1.2664
2024-01-03,AUD,0.6547
2024-01-03,EUR,1.0764
2024-01-03,GBP,1.2662
2024-01-04,AUD,0.6508
2024-01-04,EUR,1.0797
2024-01-04,GBP,1.269
2024-01-05,AUD,0.6525
2024-01-05,EUR,1.0878
2024-01-05,GBP,1.2671
2024-01-06,AUD,0.6552
2024-01-06,EUR,1.0753
2024-01-06,GBP,1.2643
2024-01-07,AUD,0.6484
2024-01-07,EUR,1.0828
2024-01-07,GBP,1.274
2024-01-09,AUD,0.6456
2024-01-09,EUR,1.0821
2024-01-09,GBP,1.2638
2024-01-10,AUD,0.6491
2024-01-10,EUR,1.0742
2024-01-10,GBP,1.2653
2024-01-11,AUD,0.646
2024-01-11,EUR,1.0752
2024-01-11,GBP,1.2735
2024-01-12,AUD,0.6449
2024-01-12,EUR,1.0818
2024-01-12,GBP,1.2655
2024-01-13,AUD,0.65
2024-01-13,EUR,1.0848
2024-01-13,GBP,1.2744
2024-01-14,AUD,0.6505
2024-01-14,EUR,1.0791
2024-01-14,GBP,1.2743
2024-01-16,AUD,0.6458
2024-01-16,EUR,1.0817
2024-01-16,GBP,1.2754
2024-01-17,AUD,0.6544
2024-01-17,EUR,1.0777
2024-01-17,GBP,1.2742
2024-01-18,AUD,0.6529
2024-01-18,EUR,1.0721
2024-01-18,GBP,1.2638
2024-01-19,AUD,0.645
2024-01-19,EUR,1.0837
2024-01-19,GBP,1.2703
2024-01-20,AUD,0.6442
2024-01-20,EUR,1.0864
2024-01-20,GBP,1.2676
2024-01-21,AUD,0.6464
2024-01-21,EUR,1.0757
2024-01-21,GBP,1.2634
2024-01-23,AUD,0.6524
2024-01-23,EUR,1.0874
2024-01-23,GBP,1.2633
2024-01-24,AUD,0.6483
2024-01-24,EUR,1.0822
2024-01-24,GBP,1.2701
2024-01-25,AUD,0.6448
2024-01-25,EUR,1.0791
2024-01-25,GBP,1.2654
2024-01-26,AUD,0.648
2024-01-26,EUR,1.0817
2024-01-26,GBP,1.2655
2024-01-27,AUD,0.6534
2024-01-27,EUR,1.0753
2024-01-27,GBP,1.2738
2024-01-28,AUD,0.6546
2024-01-28,EUR,1.0794
2024-01-28,GBP,1.266
2024-01-30,AUD,0.6516
2024-01-30,EUR,1.0845
2024-01-30,GBP,1.2762
2024-01-31,AUD,0.6557
2024-01-31,EUR,1.0738
2024-01-31,GBP,1.2736
2024-02-01,AUD,0.6489
2024-02-01,EUR,1.0872
2024-02-01,GBP,1.2669
2024-02-02,AUD,0.6525
2024-02-02,EUR,1.0768
2024-02-02,GBP,1.2674
2024-02-03,AUD,0.647
2024-02-03,EUR,1.0782
2024-02-03,GBP,1.2734
2024-02-04,AUD,0.6482
2024-02-04,EUR,1.0786
2024-02-04,GBP,1.2723
2024-02-06,AUD,0.6521
2024-02-06,EUR,1.0816
2024-02-06,GBP,1.2723
2024-02-07,AUD,0.6545
2024-02-07,EUR,1.0829
2024-02-07,GBP,1.2633
2024-02-08,AUD,0.6556
2024-02-08,EUR,1.0849
2024-02-08,GBP,1.2705
2024-02-09,AUD,0.6448
2024-02-09,EUR,1.0859
2024-02-09,GBP,1.266
2024-02-10,AUD,0.6478
2024-02-10,EUR,1.0838
2024-02-10,GBP,1.2646
2024-02-11,AUD,0.6481
2024-02-11,EUR,1.0838
2024-02-11,GBP,1.2696
2024-02-13,AUD,0.652
2024-02-13,EUR,1.0843
2024-02-13,GBP,1.2713
2024-02-14,AUD,0.6552
2024-02-14,EUR,1.0788
2024-02-14,GBP,1.266
2024-02-15,AUD,0.6533
2024-02-15,EUR,1.0726
2024-02-15,GBP,1.2638
2024-02-16,AUD,0.6458
2024-02-16,EUR,1.0858
2024-02-16,GBP,1.2663
2024-02-17,AUD,0.6537
2024-02-17,EUR,1.0841
2024-02-17,GBP,1.2759
2024-02-18,AUD,0.6458
2024-02-18,EUR,1.0771
2024-02-18,GBP,1.2758
2024-02-20,AUD,0.6538
2024-02-20,EUR,1.0824
2024-02-20,GBP,1.2769
2024-02-21,AUD,0.6552
2024-02-21,EUR,1.0723
2024-02-21,GBP,1.2734
2024-02-22,AUD,0.6491
2024-02-22,EUR,1.0817
2024-02-22,GBP,1.2719
2024-02-23,AUD,0.6495
2024-02-23,EUR,1.0754
2024-02-23,GBP,1.2632
2024-02-24,AUD,0.6499
2024-02-24,EUR,1.0831
2024-02-24,GBP,1.2706
2024-02-25,AUD,0.6487
2024-02-25,EUR,1.0798
2024-02-25,GBP,1.2685
2024-02-27,AUD,0.6487
2024-02-27,EUR,1.0862
2024-02-27,GBP,1.2657
2024-02-28,AUD,0.6453
2024-02-28,EUR,1.0814
2024-02-28,GBP,1.2708
2024-02-29,AUD,0.6477
2024-02-29,EUR,1.0819
2024-02-29,GBP,1.271
2024-03-01,AUD,0.6503
2024-03-01,EUR,1.0807
2024-03-01,GBP,1.2712
2024-03-02,AUD,0.6475
2024-03-02,EUR,1.0796
2024-03-02,GBP,1.2679
2024-03-03,AUD,0.648
2024-03-03,EUR,1.0723
2024-03-03,GBP,1.2708
2024-03-05,AUD,0.645
2024-03-05,EUR,1.0749
2024-03-05,GBP,1.2663
2024-03-06,AUD,0.65
2024-03-06,EUR,1.0878
2024-03-06,GBP,1.2657
2024-03-07,AUD,0.652
2024-03-07,EUR,1.0739
2024-03-07,GBP,1.272
2024-03-08,AUD,0.6513
2024-03-08,EUR,1.0773
2024-03-08,GBP,1.2712
2024-03-09,AUD,0.6466
2024-03-09,EUR,1.0825
2024-03-09,GBP,1.2693
2024-03-10,AUD,0.6442
2024-03-10,EUR,1.0737
2024-03-10,GBP,1.2737
2024-03-12,AUD,0.6514
2024-03-12,EUR,1.0775
2024-03-12,GBP,1.2665
2024-03-13,AUD,0.6451
2024-03-13,EUR,1.0866
2024-03-13,GBP,1.2657
2024-03-14,AUD,0.6533
2024-03-14,EUR,1.0781
2024-03-14,GBP,1.2705
2024-03-15,AUD,0.656
2024-03-15,EUR,1.0798
2024-03-15,GBP,1.2753
2024-03-16,AUD,0.653
2024-03-16,EUR,1.0782
2024-03-16,GBP,1.2632
2024-03-17,AUD,0.6473
2024-03-17,EUR,1.0797
2024-03-17,GBP,1.2682
2024-03-19,AUD,0.6459
2024-03-19,EUR,1.0857
2024-03-19,GBP,1.2693
2024-03-20,AUD,0.6494
2024-03-20,EUR,1.0876
2024-03-20,GBP,1.2688
2024-03-21,AUD,0.6441
2024-03-21,EUR,1.0732
2024-03-21,GBP,1.2764
2024-03-22,AUD,0.655
2024-03-22,EUR,1.0725
2024-03-22,GBP,1.2664
2024-03-23,AUD,0.6498
2024-03-23,EUR,1.0779
2024-03-23,GBP,1.2754
2024-03-24,AUD,0.6509
2024-03-24,EUR,1.0726
2024-03-24,GBP,1.2676
2024-03-26,AUD,0.6522
2024-03-26,EUR,1.0844
2024-03-26,GBP,1.2718
2024-03-27,AUD,0.6445
2024-03-27,EUR,1.0814
2024-03-27,GBP,1.2731
2024-03-28,AUD,0.6483
2024-03-28,EUR,1.0854
2024-03-28,GBP,1.2747
2024-03-29,AUD,0.6496
2024-03-29,EUR,1.074
2024-03-29,GBP,1.274
2024-03-30,AUD,0.6451
2024-03-30,EUR,1.0743
2024-03-30,GBP,1.2684
2024-03-31,AUD,0.6529
2024-03-31,EUR,1.0767
2024-03-31,GBP,1.2759
2024-04-02,AUD,0.6506
2024-04-02,EUR,1.0799
2024-04-02,GBP,1.2638
2024-04-03,AUD,0.6451
2024-04-03,EUR,1.0765
2024-04-03,GBP,1.2727
2024-04-04,AUD,0.6552
2024-04-04,EUR,1.0801
2024-04-04,GBP,1.2639
2024-04-05,AUD,0.6487
2024-04-05,EUR,1.0866
2024-04-05,GBP,1.2687
2024-04-06,AUD,0.6526
2024-04-06,EUR,1.0879
2024-04-06,GBP,1.2703
2024-04-07,AUD,0.6556
2024-04-07,EUR,1.0848
2024-04-07,GBP,1.2707
2024-04-09,AUD,0.6499
2024-04-09,EUR,1.0727
2024-04-09,GBP,1.2744
2024-04-10,AUD,0.6454
2024-04-10,EUR,1.077
2024-04-10,GBP,1.2745
2024-04-11,AUD,0.6558
2024-04-11,EUR,1.0724
2024-04-11,GBP,1.2702
2024-04-12,AUD,0.6485
2024-04-12,EUR,1.0774
2024-04-12,GBP,1.2637
2024-04-13,AUD,0.644
2024-04-13,EUR,1.0798
2024-04-13,GBP,1.2676
2024-04-14,AUD,0.6509
2024-04-14,EUR,1.0868
2024-04-14,GBP,1.2646
2024-04-16,AUD,0.6505
2024-04-16,EUR,1.0727
2024-04-16,GBP,1.2714
2024-04-17,AUD,0.6464
2024-04-17,EUR,1.0783
2024-04-17,GBP,1.2678
2024-04-18,AUD,0.647
2024-04-18,EUR,1.0861
2024-04-18,GBP,1.2768
2024-04-19,AUD,0.644
2024-04-19,EUR,1.0731
2024-04-19,GBP,1.2712
2024-04-20,AUD,0.6506
2024-04-20,EUR,1.0829
2024-04-20,GBP,1.276
2024-04-21,AUD,0.6474
2024-04-21,EUR,1.0775
2024-04-21,GBP,1.2656
2024-04-23,AUD,0.6467
2024-04-23,EUR,1.0791
2024-04-23,GBP,1.2714
2024-04-24,AUD,0.649
2024-04-24,EUR,1.077
2024-04-24,GBP,1.2649
2024-04-25,AUD,0.6537
2024-04-25,EUR,1.0733
2024-04-25,GBP,1.2715
2024-04-26,AUD,0.656
2024-04-26,EUR,1.0743
2024-04-26,GBP,1.267
2024-04-27,AUD,0.6553
2024-04-27,EUR,1.0827
2024-04-27,GBP,1.2631
2024-04-28,AUD,0.6503
2024-04-28,EUR,1.0841
2024-04-28,GBP,1.2728
2024-04-30,AUD,0.6519
2024-04-30,EUR,1.0819
2024-04-30,GBP,1.2692
2024-05-01,AUD,0.655
2024-05-01,EUR,1.0801
2024-05-01,GBP,1.2656
2024-05-02,AUD,0.6551
2024-05-02,EUR,1.0852
2024-05-02,GBP,1.2676
2024-05-03,AUD,0.6466
2024-05-03,EUR,1.0823
2024-05-03,GBP,1.2718
2024-05-04,AUD,0.6503
2024-05-04,EUR,1.0798
2024-05-04,GBP,1.2669
2024-05-05,AUD,0.6558
2024-05-05,EUR,1.08
2024-05-05,GBP,1.2676
2024-05-07,AUD,0.645
2024-05-07,EUR,1.0724
2024-05-07,GBP,1.2733
2024-05-08,AUD,0.6449
2024-05-08,EUR,1.0768
2024-05-08,GBP,1.264
2024-05-09,AUD,0.6518
2024-05-09,EUR,1.0845
2024-05-09,GBP,1.267
2024-05-10,AUD,0.6474
2024-05-10,EUR,1.0798
2024-05-10,GBP,1.2694
2024-05-11,AUD,0.6545
2024-05-11,EUR,1.0759
2024-05-11,GBP,1.2728
2024-05-12,AUD,0.6516
2024-05-12,EUR,1.0757
2024-05-12,GBP,1.2631
2024-05-14,AUD,0.6556
2024-05-14,EUR,1.0748
2024-05-14,GBP,1.2728
2024-05-15,AUD,0.6487
2024-05-15,EUR,1.0783
2024-05-15,GBP,1.2655
2024-05-16,AUD,0.6474
2024-05-16,EUR,1.0753
2024-05-16,GBP,1.2656
2024-05-17,AUD,0.6444
2024-05-17,EUR,1.0788
2024-05-17,GBP,1.269
2024-05-18,AUD,0.6537
2024-05-18,EUR,1.0755
2024-05-18,GBP,1.2766
2024-05-19,AUD,0.6546
2024-05-19,EUR,1.0876
2024-05-19,GBP,1.2696
2024-05-21,AUD,0.6527
2024-05-21,EUR,1.0763
2024-05-21,GBP,1.2679
2024-05-22,AUD,0.6493
2024-05-22,EUR,1.08
2024-05-22,GBP,1.2709
2024-05-23,AUD,0.654
2024-05-23,EUR,1.0848
2024-05-23,GBP,1.2747
2024-05-24,AUD,0.6441
2024-05-24,EUR,1.0745
2024-05-24,GBP,1.2706
2024-05-25,AUD,0.6462
2024-05-25,EUR,1.0751
2024-05-25,GBP,1.263
2024-05-26,AUD,0.6503
2024-05-26,EUR,1.0801
2024-05-26,GBP,1.2649
2024-05-28,AUD,0.6475
2024-05-28,EUR,1.076
2024-05-28,GBP,1.2687
2024-05-29,AUD,0.645
2024-05-29,EUR,1.0804
2024-05-29,GBP,1.263
2024-05-30,AUD,0.6451
2024-05-30,EUR,1.0757
2024-05-30,GBP,1.264
2024-05-31,AUD,0.6451
2024-05-31,EUR,1.0836
2024-05-31,GBP,1.2689
2024-06-01,AUD,0.6555
2024-06-01,EUR,1.0766
2024-06-01,GBP,1.2657
2024-06-02,AUD,0.6443
2024-06-02,EUR,1.0723
2024-06-02,GBP,1.2673
2024-06-04,AUD,0.6492
2024-06-04,EUR,1.082
2024-06-04,GBP,1.2654
2024-06-05,AUD,0.6446
2024-06-05,EUR,1.0728
2024-06-05,GBP,1.2696
2024-06-06,AUD,0.6552
2024-06-06,EUR,1.082
2024-06-06,GBP,1.2652
2024-06-07,AUD,0.6542
2024-06-07,EUR,1.081
2024-06-07,GBP,1.2732
2024-06-08,AUD,0.6447
2024-06-08,EUR,1.0868
2024-06-08,GBP,1.274
2024-06-09,AUD,0.6548
2024-06-09,EUR,1.0796
2024-06-09,GBP,1.2765
2024-06-11,AUD,0.6468
2024-06-11,EUR,1.0741
2024-06-11,GBP,1.2733
2024-06-12,AUD,0.6517
2024-06-12,EUR,1.0871
2024-06-12,GBP,1.2736
2024-06-13,AUD,0.6443
2024-06-13,EUR,1.0795
2024-06-13,GBP,1.2737
2024-06-14,AUD,0.6524
2024-06-14,EUR,1.0849
2024-06-14,GBP,1.2681
2024-06-15,AUD,0.6532
2024-06-15,EUR,1.0861
2024-06-15,GBP,1.2684
2024-06-16,AUD,0.6537
2024-06-16,EUR,1.0833
2024-06-16,GBP,1.2691
2024-06-18,AUD,0.6531
2024-06-18,EUR,1.0857
2024-06-18,GBP,1.2735
2024-06-19,AUD,0.644
2024-06-19,EUR,1.0872
2024-06-19,GBP,1.2755
2024-06-20,AUD,0.6485
2024-06-20,EUR,1.0724
2024-06-20,GBP,1.2683
2024-06-21,AUD,0.6475
2024-06-21,EUR,1.0776
2024-06-21,GBP,1.2686
2024-06-22,AUD,0.6497
2024-06-22,EUR,1.0813
2024-06-22,GBP,1.2649
2024-06-23,AUD,0.6464
2024-06-23,EUR,1.083
2024-06-23,GBP,1.2715
2024-06-25,AUD,0.6529
2024-06-25,EUR,1.0812
2024-06-25,GBP,1.2721
2024-06-26,AUD,0.6526
2024-06-26,EUR,1.0738
2024-06-26,GBP,1.2632
2024-06-27,AUD,0.6498
2024-06-27,EUR,1.0801
2024-06-27,GBP,1.2752
2024-06-28,AUD,0.6457
2024-06-28,EUR,1.0828
2024-06-28,GBP,1.2742
2024-06-29,AUD,0.6514
2024-06-29,EUR,1.0758
2024-06-29,GBP,1.2731
2024-06-30,AUD,0.6455
2024-06-30,EUR,1.0828
2024-06-30,GBP,1.2697
2024-07-02,AUD,0.6442
2024-07-02,EUR,1.0783
2024-07-02,GBP,1.275
2024-07-03,AUD,0.6504
2024-07-03,EUR,1.0858
2024-07-03,GBP,1.2639
2024-07-04,AUD,0.6501
2024-07-04,EUR,1.082
2024-07-04,GBP,1.2713
2024-07-05,AUD,0.6454
2024-07-05,EUR,1.0833
2024-07-05,GBP,1.271
2024-07-06,AUD,0.653
2024-07-06,EUR,1.0792
2024-07-06,GBP,1.2769
2024-07-07,AUD,0.6541
2024-07-07,EUR,1.0864
2024-07-07,GBP,1.2738
2024-07-09,AUD,0.6536
2024-07-09,EUR,1.0748
2024-07-09,GBP,1.2768
2024-07-10,AUD,0.6517
2024-07-10,EUR,1.0768
2024-07-10,GBP,1.2722
2024-07-11,AUD,0.6458
2024-07-11,EUR,1.0753
2024-07-11,GBP,1.2633
2024-07-12,AUD,0.6471
2024-07-12,EUR,1.0745
2024-07-12,GBP,1.2646
2024-07-13,AUD,0.6482
2024-07-13,EUR,1.083
2024-07-13,GBP,1.2658
2024-07-14,AUD,0.649
2024-07-14,EUR,1.0778
2024-07-14,GBP,1.2659
2024-07-16,AUD,0.6456
2024-07-16,EUR,1.0863
2024-07-16,GBP,1.2647
2024-07-17,AUD,0.651
2024-07-17,EUR,1.0803
2024-07-17,GBP,1.2658
2024-07-18,AUD,0.6493
2024-07-18,EUR,1.0725
2024-07-18,GBP,1.2751
2024-07-19,AUD,0.656
2024-07-19,EUR,1.0872
2024-07-19,GBP,1.273
2024-07-20,AUD,0.6467
2024-07-20,EUR,1.0773
2024-07-20,GBP,1.2698
2024-07-21,AUD,0.6511
2024-07-21,EUR,1.0812
2024-07-21,GBP,1.2756
2024-07-23,AUD,0.652
2024-07-23,EUR,1.0781
2024-07-23,GBP,1.2717
2024-07-24,AUD,0.6532
2024-07-24,EUR,1.0739
2024-07-24,GBP,1.275
2024-07-25,AUD,0.6446
2024-07-25,EUR,1.0803
2024-07-25,GBP,1.275
2024-07-26,AUD,0.6448
2024-07-26,EUR,1.0733
2024-07-26,GBP,1.2733
2024-07-27,AUD,0.6522
2024-07-27,EUR,1.0802
2024-07-27,GBP,1.2655
2024-07-28,AUD,0.6489
2024-07-28,EUR,1.0797
2024-07-28,GBP,1.2705
2024-07-30,AUD,0.6494
2024-07-30,EUR,1.0757
2024-07-30,GBP,1.2725
2024-07-31,AUD,0.6474
2024-07-31,EUR,1.0747
2024-07-31,GBP,1.2735
2024-08-01,AUD,0.6459
2024-08-01,EUR,1.0862
2024-08-01,GBP,1.2719
2024-08-02,AUD,0.6532
2024-08-02,EUR,1.0806
2024-08-02,GBP,1.2673
2024-08-03,AUD,0.6529
2024-08-03,EUR,1.0787
2024-08-03,GBP,1.2756
2024-08-04,AUD,0.6516
2024-08-04,EUR,1.0802
2024-08-04,GBP,1.2631
2024-08-06,AUD,0.6485
2024-08-06,EUR,1.0786
2024-08-06,GBP,1.2706
2024-08-07,AUD,0.648
2024-08-07,EUR,1.0778
2024-08-07,GBP,1.2751
2024-08-08,AUD,0.6518
2024-08-08,EUR,1.0846
2024-08-08,GBP,1.2765
2024-08-09,AUD,0.6519
2024-08-09,EUR,1.0865
2024-08-09,GBP,1.263
2024-08-10,AUD,0.654
2024-08-10,EUR,1.0802
2024-08-10,GBP,1.2691
2024-08-11,AUD,0.6522
2024-08-11,EUR,1.085
2024-08-11,GBP,1.2763
2024-08-13,AUD,0.6442
2024-08-13,EUR,1.0791
2024-08-13,GBP,1.2644
2024-08-14,AUD,0.648
2024-08-14,EUR,1.0725
2024-08-14,GBP,1.2767
2024-08-15,AUD,0.6458
2024-08-15,EUR,1.0834
2024-08-15,GBP,1.2689
2024-08-16,AUD,0.6532
2024-08-16,EUR,1.0728
2024-08-16,GBP,1.2757
2024-08-17,AUD,0.6463
2024-08-17,EUR,1.0861
2024-08-17,GBP,1.2716
2024-08-18,AUD,0.651
2024-08-18,EUR,1.083
2024-08-18,GBP,1.2707
2024-08-20,AUD,0.656
2024-08-20,EUR,1.0851
2024-08-20,GBP,1.2733
2024-08-21,AUD,0.6558
2024-08-21,EUR,1.0786
2024-08-21,GBP,1.2673
2024-08-22,AUD,0.6458
2024-08-22,EUR,1.0842
2024-08-22,GBP,1.2675
2024-08-23,AUD,0.6452
2024-08-23,EUR,1.0759
2024-08-23,GBP,1.2769
2024-08-24,AUD,0.6464
2024-08-24,EUR,1.0879
2024-08-24,GBP,1.2637
2024-08-25,AUD,0.6496
2024-08-25,EUR,1.0741
2024-08-25,GBP,1.264
2024-08-27,AUD,0.6506
2024-08-27,EUR,1.0729
2024-08-27,GBP,1.2756
2024-08-28,AUD,0.6494
2024-08-28,EUR,1.086
2024-08-28,GBP,1.2749
2024-08-29,AUD,0.6464
2024-08-29,EUR,1.0856
2024-08-29,GBP,1.2675
2024-08-30,AUD,0.6544
2024-08-30,EUR,1.085
2024-08-30,GBP,1.2698
2024-08-31,AUD,0.6554
2024-08-31,EUR,1.0726
2024-08-31,GBP,1.2702
2024-09-01,AUD,0.6464
2024-09-01,EUR,1.084
2024-09-01,GBP,1.269
2024-09-03,AUD,0.6483
2024-09-03,EUR,1.0777
2024-09-03,GBP,1.267
2024-09-04,AUD,0.654
2024-09-04,EUR,1.0773
2024-09-04,GBP,1.2737
2024-09-05,AUD,0.6469
2024-09-05,EUR,1.0794
2024-09-05,GBP,1.2637
2024-09-06,AUD,0.6527
2024-09-06,EUR,1.0848
2024-09-06,GBP,1.2719
2024-09-07,AUD,0.6524
2024-09-07,EUR,1.0778
2024-09-07,GBP,1.2735
2024-09-08,AUD,0.6529
2024-09-08,EUR,1.0862
2024-09-08,GBP,1.2724
2024-09-10,AUD,0.6548
2024-09-10,EUR,1.0792
2024-09-10,GBP,1.2727
2024-09-11,AUD,0.6491
2024-09-11,EUR,1.0725
2024-09-11,GBP,1.274
2024-09-12,AUD,0.6558
2024-09-12,EUR,1.0744
2024-09-12,GBP,1.2657
2024-09-13,AUD,0.6527
2024-09-13,EUR,1.0797
2024-09-13,GBP,1.2649
2024-09-14,AUD,0.6528
2024-09-14,EUR,1.0732
2024-09-14,GBP,1.2765
2024-09-15,AUD,0.6487
2024-09-15,EUR,1.0829
2024-09-15,GBP,1.2763
2024-09-17,AUD,0.6494
2024-09-17,EUR,1.0846
2024-09-17,GBP,1.2708
2024-09-18,AUD,0.6444
2024-09-18,EUR,1.0764
2024-09-18,GBP,1.2685
2024-09-19,AUD,0.6486
2024-09-19,EUR,1.088
2024-09-19,GBP,1.273
2024-09-20,AUD,0.6487
2024-09-20,EUR,1.0749
2024-09-20,GBP,1.275
2024-09-21,AUD,0.6465
2024-09-21,EUR,1.0851
2024-09-21,GBP,1.2735
2024-09-22,AUD,0.6549
2024-09-22,EUR,1.0862
2024-09-22,GBP,1.2645
2024-09-24,AUD,0.6515
2024-09-24,EUR,1.0754
2024-09-24,GBP,1.2644
2024-09-25,AUD,0.644
2024-09-25,EUR,1.0818
2024-09-25,GBP,1.2706
2024-09-26,AUD,0.6455
2024-09-26,EUR,1.0832
2024-09-26,GBP,1.2651
2024-09-27,AUD,0.648
2024-09-27,EUR,1.0801
2024-09-27,GBP,1.2685
2024-09-28,AUD,0.6459
2024-09-28,EUR,1.0729
2024-09-28,GBP,1.2693
2024-09-29,AUD,0.6514
2024-09-29,EUR,1.0872
2024-09-29,GBP,1.2674
2024-10-01,AUD,0.6531
2024-10-01,EUR,1.0777
2024-10-01,GBP,1.2635
2024-10-02,AUD,0.6541
2024-10-02,EUR,1.0809
2024-10-02,GBP,1.2722
2024-10-03,AUD,0.6558
2024-10-03,EUR,1.0728
2024-10-03,GBP,1.2698
2024-10-04,AUD,0.6556
2024-10-04,EUR,1.0799
2024-10-04,GBP,1.2634
2024-10-05,AUD,0.6467
2024-10-05,EUR,1.0852
2024-10-05,GBP,1.2704
2024-10-06,AUD,0.653
2024-10-06,EUR,1.082
2024-10-06,GBP,1.2753
2024-10-08,AUD,0.6506
2024-10-08,EUR,1.0794
2024-10-08,GBP,1.2692
2024-10-09,AUD,0.6475
2024-10-09,EUR,1.0802
2024-10-09,GBP,1.2737
2024-10-10,AUD,0.6442
2024-10-10,EUR,1.0767
2024-10-10,GBP,1.2644
2024-10-11,AUD,0.6458
2024-10-11,EUR,1.0768
2024-10-11,GBP,1.2745
2024-10-12,AUD,0.6452
2024-10-12,EUR,1.0846
2024-10-12,GBP,1.2726
2024-10-13,AUD,0.6468
2024-10-13,EUR,1.0845
2024-10-13,GBP,1.2756
2024-10-15,AUD,0.651
2024-10-15,EUR,1.0795
2024-10-15,GBP,1.2728
2024-10-16,AUD,0.6533
2024-10-16,EUR,1.0873
2024-10-16,GBP,1.2683
2024-10-17,AUD,0.6553
2024-10-17,EUR,1.0742
2024-10-17,GBP,1.2745
2024-10-18,AUD,0.6463
2024-10-18,EUR,1.0864
2024-10-18,GBP,1.2686
2024-10-19,AUD,0.6555
2024-10-19,EUR,1.0722
2024-10-19,GBP,1.2738
2024-10-20,AUD,0.645
2024-10-20,EUR,1.0743
2024-10-20,GBP,1.2723
2024-10-22,AUD,0.6504
2024-10-22,EUR,1.0794
2024-10-22,GBP,1.2754
2024-10-23,AUD,0.6559
2024-10-23,EUR,1.0818
2024-10-23,GBP,1.2711
2024-10-24,AUD,0.6462
2024-10-24,EUR,1.081
2024-10-24,GBP,1.2703
2024-10-25,AUD,0.6494
2024-10-25,EUR,1.0824
2024-10-25,GBP,1.2698
2024-10-26,AUD,0.6487
2024-10-26,EUR,1.0809
2024-10-26,GBP,1.2709
2024-10-27,AUD,0.6525
2024-10-27,EUR,1.087
2024-10-27,GBP,1.267
2024-10-29,AUD,0.6499
2024-10-29,EUR,1.0779
2024-10-29,GBP,1.2752
2024-10-30,AUD,0.6476
2024-10-30,EUR,1.0766
2024-10-30,GBP,1.2655
2024-10-31,AUD,0.6482
2024-10-31,EUR,1.0732
2024-10-31,GBP,1.2721
2024-11-01,AUD,0.6521
2024-11-01,EUR,1.0758
2024-11-01,GBP,1.2693
2024-11-02,AUD,0.6458
2024-11-02,EUR,1.083
2024-11-02,GBP,1.2731
2024-11-03,AUD,0.6556
2024-11-03,EUR,1.0806
2024-11-03,GBP,1.2643
2024-11-05,AUD,0.6531
2024-11-05,EUR,1.0804
2024-11-05,GBP,1.2719
2024-11-06,AUD,0.652
2024-11-06,EUR,1.0758
2024-11-06,GBP,1.2641
2024-11-07,AUD,0.6481
2024-11-07,EUR,1.0803
2024-11-07,GBP,1.2656
2024-11-08,AUD,0.6498
2024-11-08,EUR,1.0744
2024-11-08,GBP,1.2696
2024-11-09,AUD,0.6519
2024-11-09,EUR,1.0752
2024-11-09,GBP,1.2698
2024-11-10,AUD,0.6555
2024-11-10,EUR,1.0774
2024-11-10,GBP,1.2681
2024-11-12,AUD,0.6461
2024-11-12,EUR,1.087
2024-11-12,GBP,1.2674
2024-11-13,AUD,0.6558
2024-11-13,EUR,1.0812
2024-11-13,GBP,1.2665
2024-11-14,AUD,0.6515
2024-11-14,EUR,1.0868
2024-11-14,GBP,1.2675
2024-11-15,AUD,0.6502
2024-11-15,EUR,1.0758
2024-11-15,GBP,1.2746
2024-11-16,AUD,0.6559
2024-11-16,EUR,1.0751
2024-11-16,GBP,1.2727
2024-11-17,AUD,0.6459
2024-11-17,EUR,1.075
2024-11-17,GBP,1.2661
2024-11-19,AUD,0.6453
2024-11-19,EUR,1.0837
2024-11-19,GBP,1.2654
2024-11-20,AUD,0.6477
2024-11-20,EUR,1.073
2024-11-20,GBP,1.2655
2024-11-21,AUD,0.6533
2024-11-21,EUR,1.081
2024-11-21,GBP,1.2759
2024-11-22,AUD,0.6481
2024-11-22,EUR,1.0856
2024-11-22,GBP,1.27
2024-11-23,AUD,0.6517
2024-11-23,EUR,1.0835
2024-11-23,GBP,1.2667
2024-11-24,AUD,0.6529
2024-11-24,EUR,1.0824
2024-11-24,GBP,1.2674
2024-11-26,AUD,0.6507
2024-11-26,EUR,1.08
2024-11-26,GBP,1.2757
2024-11-27,AUD,0.6551
2024-11-27,EUR,1.0759
2024-11-27,GBP,1.2649
2024-11-28,AUD,0.6482
2024-11-28,EUR,1.0746
2024-11-28,GBP,1.2753
2024-11-29,AUD,0.6501
2024-11-29,EUR,1.0812
2024-11-29,GBP,1.272
2024-11-30,AUD,0.6514
2024-11-30,EUR,1.0851
2024-11-30,GBP,1.2631
2024-12-01,AUD,0.6559
2024-12-01,EUR,1.0731
2024-12-01,GBP,1.2758
2024-12-03,AUD,0.6533
2024-12-03,EUR,1.0762
2024-12-03,GBP,1.2705
2024-12-04,AUD,0.6444
2024-12-04,EUR,1.0746
2024-12-04,GBP,1.2759
2024-12-05,AUD,0.644
2024-12-05,EUR,1.0817
2024-12-05,GBP,1.2665
2024-12-06,AUD,0.6446
2024-12-06,EUR,1.0809
2024-12-06,GBP,1.2719
2024-12-07,AUD,0.6458
2024-12-07,EUR,1.0843
2024-12-07,GBP,1.2673
2024-12-08,AUD,0.6508
2024-12-08,EUR,1.0839
2024-12-08,GBP,1.2755
2024-12-10,AUD,0.6536
2024-12-10,EUR,1.0733
2024-12-10,GBP,1.2687
2024-12-11,AUD,0.6447
2024-12-11,EUR,1.0803
2024-12-11,GBP,1.2635
2024-12-12,AUD,0.6541
2024-12-12,EUR,1.0808
2024-12-12,GBP,1.2698
2024-12-13,AUD,0.6559
2024-12-13,EUR,1.0747
2024-12-13,GBP,1.2701
2024-12-14,AUD,0.6554
2024-12-14,EUR,1.0807
2024-12-14,GBP,1.2741
2024-12-15,AUD,0.6557
2024-12-15,EUR,1.0779
2024-12-15,GBP,1.2762
2024-12-17,AUD,0.647
2024-12-17,EUR,1.0805
2024-12-17,GBP,1.267
2024-12-18,AUD,0.6529
2024-12-18,EUR,1.0764
2024-12-18,GBP,1.2699
2024-12-19,AUD,0.6496
2024-12-19,EUR,1.0853
2024-12-19,GBP,1.2647
2024-12-20,AUD,0.6537
2024-12-20,EUR,1.0874
2024-12-20,GBP,1.2673
2024-12-21,AUD,0.6553
2024-12-21,EUR,1.0789
2024-12-21,GBP,1.2654
2024-12-22,AUD,0.6518
2024-12-22,EUR,1.0772
2024-12-22,GBP,1.267
2024-12-24,AUD,0.645
2024-12-24,EUR,1.0795
2024-12-24,GBP,1.2681
2024-12-25,AUD,0.6488
2024-12-25,EUR,1.0801
2024-12-25,GBP,1.2647
2024-12-26,AUD,0.6495
2024-12-26,EUR,1.0758
2024-12-26,GBP,1.2647
2024-12-27,AUD,0.6468
2024-12-27,EUR,1.076
2024-12-27,GBP,1.2638
2024-12-28,AUD,0.6443
2024-12-28,EUR,1.0833
2024-12-28,GBP,1.2694
2024-12-29,AUD,0.6467
2024-12-29,EUR,1.0819
2024-12-29,GBP,1.2748
2024-12-31,AUD,0.645
2024-12-31,EUR,1.0731
2024-12-31,GBP,1.2694
2025-01-01,AUD,0.649
2025-01-01,EUR,1.0874
2025-01-01,GBP,1.2657
2025-01-02,AUD,0.6498
2025-01-02,EUR,1.0726
2025-01-02,GBP,1.2686
2025-01-03,AUD,0.6498
2025-01-03,EUR,1.0739
2025-01-03,GBP,1.2712
2025-01-04,AUD,0.645
2025-01-04,EUR,1.0852
2025-01-04,GBP,1.2648
2025-01-05,AUD,0.6488
2025-01-05,EUR,1.0852
2025-01-05,GBP,1.2638
2025-01-07,AUD,0.6509
2025-01-07,EUR,1.0826
2025-01-07,GBP,1.2722
2025-01-08,AUD,0.6547
2025-01-08,EUR,1.0836
2025-01-08,GBP,1.277
2025-01-09,AUD,0.6534
2025-01-09,EUR,1.0809
2025-01-09,GBP,1.2723
2025-01-10,AUD,0.6559
2025-01-10,EUR,1.084
2025-01-10,GBP,1.2713
2025-01-11,AUD,0.6512
2025-01-11,EUR,1.0795
2025-01-11,GBP,1.265
2025-01-12,AUD,0.6506
2025-01-12,EUR,1.0762
2025-01-12,GBP,1.2744
2025-01-14,AUD,0.6526
2025-01-14,EUR,1.082
2025-01-14,GBP,1.2749
2025-01-15,AUD,0.647
2025-01-15,EUR,1.082
2025-01-15,GBP,1.269
2025-01-16,AUD,0.6465
2025-01-16,EUR,1.0749
2025-01-16,GBP,1.2724
2025-01-17,AUD,0.6509
2025-01-17,EUR,1.0804
2025-01-17,GBP,1.2715
2025-01-18,AUD,0.6468
2025-01-18,EUR,1.0846
2025-01-18,GBP,1.2695
2025-01-19,AUD,0.6511
2025-01-19,EUR,1.0738
2025-01-19,GBP,1.2649
2025-01-21,AUD,0.6556
2025-01-21,EUR,1.0766
2025-01-21,GBP,1.2688
2025-01-22,AUD,0.6554
2025-01-22,EUR,1.0762
2025-01-22,GBP,1.2681
2025-01-23,AUD,0.6497
2025-01-23,EUR,1.0854
2025-01-23,GBP,1.2634
2025-01-24,AUD,0.6454
2025-01-24,EUR,1.0852
2025-01-24,GBP,1.2752
2025-01-25,AUD,0.6441
2025-01-25,EUR,1.0784
2025-01-25,GBP,1.2655
2025-01-26,AUD,0.6557
2025-01-26,EUR,1.0819
2025-01-26,GBP,1.2695
2025-01-28,AUD,0.6471
2025-01-28,EUR,1.085
2025-01-28,GBP,1.2758
2025-01-29,AUD,0.6449
2025-01-29,EUR,1.0863
2025-01-29,GBP,1.2713
2025-01-30,AUD,0.6452
2025-01-30,EUR,1.0844
2025-01-30,GBP,1.2634
2025-01-31,AUD,0.6517
2025-01-31,EUR,1.0832
2025-01-31,GBP,1.2672
2025-02-01,AUD,0.6536
2025-02-01,EUR,1.0725
2025-02-01,GBP,1.2758
2025-02-02,AUD,0.6555
2025-02-02,EUR,1.0834
2025-02-02,GBP,1.2634
2025-02-04,AUD,0.6558
2025-02-04,EUR,1.079
2025-02-04,GBP,1.2661
2025-02-05,AUD,0.6518
2025-02-05,EUR,1.0751
2025-02-05,GBP,1.2761
2025-02-06,AUD,0.6459
2025-02-06,EUR,1.072
2025-02-06,GBP,1.2759
2025-02-07,AUD,0.6536
2025-02-07,EUR,1.0746
2025-02-07,GBP,1.2631
2025-02-08,AUD,0.6541
2025-02-08,EUR,1.0781
2025-02-08,GBP,1.2739
2025-02-09,AUD,0.6502
2025-02-09,EUR,1.087
2025-02-09,GBP,1.2727
2025-02-11,AUD,0.6529
2025-02-11,EUR,1.0783
2025-02-11,GBP,1.2726
2025-02-12,AUD,0.6531
2025-02-12,EUR,1.0728
2025-02-12,GBP,1.2758
2025-02-13,AUD,0.6441
2025-02-13,EUR,1.0855
2025-02-13,GBP,1.2726
2025-02-14,AUD,0.6455
2025-02-14,EUR,1.0769
2025-02-14,GBP,1.2651
2025-02-15,AUD,0.6468
2025-02-15,EUR,1.0835
2025-02-15,GBP,1.2702
2025-02-16,AUD,0.6524
2025-02-16,EUR,1.078
2025-02-16,GBP,1.2769
2025-02-18,AUD,0.6548
2025-02-18,EUR,1.0744
2025-02-18,GBP,1.2713
2025-02-19,AUD,0.6513
2025-02-19,EUR,1.0779
2025-02-19,GBP,1.2727
2025-02-20,AUD,0.6504
2025-02-20,EUR,1.0751
2025-02-20,GBP,1.2713
2025-02-21,AUD,0.6512
2025-02-21,EUR,1.0826
2025-02-21,GBP,1.2649
2025-02-22,AUD,0.6465
2025-02-22,EUR,1.0818
2025-02-22,GBP,1.2682
2025-02-23,AUD,0.6511
2025-02-23,EUR,1.0758
2025-02-23,GBP,1.2669
2025-02-25,AUD,0.6542
2025-02-25,EUR,1.0819
2025-02-25,GBP,1.2677
2025-02-26,AUD,0.6445
2025-02-26,EUR,1.0796
2025-02-26,GBP,1.2676
2025-02-27,AUD,0.6534
2025-02-27,EUR,1.0761
2025-02-27,GBP,1.2767
2025-02-28,AUD,0.6492
2025-02-28,EUR,1.0752
2025-02-28,GBP,1.2743
2025-03-01,AUD,0.6483
2025-03-01,EUR,1.0856
2025-03-01,GBP,1.2734
2025-03-02,AUD,0.6557
2025-03-02,EUR,1.083
2025-03-02,GBP,1.2769
2025-03-04,AUD,0.6466
2025-03-04,EUR,1.0793
2025-03-04,GBP,1.2634
2025-03-05,AUD,0.6511
2025-03-05,EUR,1.0872
2025-03-05,GBP,1.2697
2025-03-06,AUD,0.6483
2025-03-06,EUR,1.0862
2025-03-06,GBP,1.2742
2025-03-07,AUD,0.6523
2025-03-07,EUR,1.0784
2025-03-07,GBP,1.2755
2025-03-08,AUD,0.6508
2025-03-08,EUR,1.0797
2025-03-08,GBP,1.2769
2025-03-09,AUD,0.6526
2025-03-09,EUR,1.0879
2025-03-09,GBP,1.2647
2025-03-11,AUD,0.647
2025-03-11,EUR,1.0721
2025-03-11,GBP,1.2676
2025-03-12,AUD,0.653
2025-03-12,EUR,1.0838
2025-03-12,GBP,1.2697
2025-03-13,AUD,0.6511
2025-03-13,EUR,1.0811
2025-03-13,GBP,1.2751
2025-03-14,AUD,0.6538
2025-03-14,EUR,1.0757
2025-03-14,GBP,1.2707
2025-03-15,AUD,0.648
2025-03-15,EUR,1.0744
2025-03-15,GBP,1.2665
2025-03-16,AUD,0.6497
2025-03-16,EUR,1.0789
2025-03-16,GBP,1.2672
2025-03-18,AUD,0.651
2025-03-18,EUR,1.0747
2025-03-18,GBP,1.2657
2025-03-19,AUD,0.6557
2025-03-19,EUR,1.0801
2025-03-19,GBP,1.2719
2025-03-20,AUD,0.6551
2025-03-20,EUR,1.0865
2025-03-20,GBP,1.2633
2025-03-21,AUD,0.6524
2025-03-21,EUR,1.0819
2025-03-21,GBP,1.2716
2025-03-22,AUD,0.6505
2025-03-22,EUR,1.0769
2025-03-22,GBP,1.2767
2025-03-23,AUD,0.6533
2025-03-23,EUR,1.0841
2025-03-23,GBP,1.2731
2025-03-25,AUD,0.6464
2025-03-25,EUR,1.0846
2025-03-25,GBP,1.264
2025-03-26,AUD,0.6446
2025-03-26,EUR,1.0749
2025-03-26,GBP,1.2678
2025-03-27,AUD,0.645
2025-03-27,EUR,1.0727
2025-03-27,GBP,1.2672
2025-03-28,AUD,0.6518
2025-03-28,EUR,1.0817
2025-03-28,GBP,1.2684
2025-03-29,AUD,0.651
2025-03-29,EUR,1.0832
2025-03-29,GBP,1.2705
2025-03-30,AUD,0.6491
2025-03-30,EUR,1.0861
2025-03-30,GBP,1.2738
2025-04-01,AUD,0.6475
2025-04-01,EUR,1.0836
2025-04-01,GBP,1.2671
2025-04-02,AUD,0.6546
2025-04-02,EUR,1.0724
2025-04-02,GBP,1.2688
2025-04-03,AUD,0.6465
2025-04-03,EUR,1.0877
2025-04-03,GBP,1.2767
2025-04-04,AUD,0.6505
2025-04-04,EUR,1.082
2025-04-04,GBP,1.2636
2025-04-05,AUD,0.6452
2025-04-05,EUR,1.0768
2025-04-05,GBP,1.2748
2025-04-06,AUD,0.6556
2025-04-06,EUR,1.0771
2025-04-06,GBP,1.2696
2025-04-08,AUD,0.6554
2025-04-08,EUR,1.0785
2025-04-08,GBP,1.273
2025-04-09,AUD,0.6477
2025-04-09,EUR,1.0812
2025-04-09,GBP,1.2699
2025-04-10,AUD,0.6509
2025-04-10,EUR,1.0759
2025-04-10,GBP,1.2665
2025-04-11,AUD,0.6555
2025-04-11,EUR,1.0847
2025-04-11,GBP,1.2708
2025-04-12,AUD,0.6491
2025-04-12,EUR,1.0814
2025-04-12,GBP,1.2666
2025-04-13,AUD,0.6517
2025-04-13,EUR,1.0771
2025-04-13,GBP,1.2739
2025-04-15,AUD,0.6445
2025-04-15,EUR,1.0766
2025-04-15,GBP,1.2716
2025-04-16,AUD,0.6461
2025-04-16,EUR,1.0744
2025-04-16,GBP,1.276
2025-04-17,AUD,0.6534
2025-04-17,EUR,1.0824
2025-04-17,GBP,1.2646
2025-04-18,AUD,0.6487
2025-04-18,EUR,1.0856
2025-04-18,GBP,1.2643
2025-04-19,AUD,0.6534
2025-04-19,EUR,1.0801
2025-04-19,GBP,1.267
2025-04-20,AUD,0.6559
2025-04-20,EUR,1.0848
2025-04-20,GBP,1.2676
2025-04-22,AUD,0.6549
2025-04-22,EUR,1.0832
2025-04-22,GBP,1.2679
2025-04-23,AUD,0.6535
2025-04-23,EUR,1.0875
2025-04-23,GBP,1.2764
2025-04-24,AUD,0.6517
2025-04-24,EUR,1.0843
2025-04-24,GBP,1.2754
2025-04-25,AUD,0.654
2025-04-25,EUR,1.0767
2025-04-25,GBP,1.2671
2025-04-26,AUD,0.6455
2025-04-26,EUR,1.0779
2025-04-26,GBP,1.2678
2025-04-27,AUD,0.6541
2025-04-27,EUR,1.0776
2025-04-27,GBP,1.2756
2025-04-29,AUD,0.6491
2025-04-29,EUR,1.0723
2025-04-29,GBP,1.2769
2025-04-30,AUD,0.6544
2025-04-30,EUR,1.079
2025-04-30,GBP,1.2716
2025-05-01,AUD,0.6444
2025-05-01,EUR,1.0768
2025-05-01,GBP,1.2656
2025-05-02,AUD,0.6559
2025-05-02,EUR,1.0795
2025-05-02,GBP,1.2767
2025-05-03,AUD,0.6489
2025-05-03,EUR,1.0859
2025-05-03,GBP,1.2757
2025-05-04,AUD,0.649
2025-05-04,EUR,1.0729
2025-05-04,GBP,1.2703
2025-05-06,AUD,0.6541
2025-05-06,EUR,1.0806
2025-05-06,GBP,1.275
2025-05-07,AUD,0.6525
2025-05-07,EUR,1.0867
2025-05-07,GBP,1.268
2025-05-08,AUD,0.6512
2025-05-08,EUR,1.0794
2025-05-08,GBP,1.2731
2025-05-09,AUD,0.6456
2025-05-09,EUR,1.072
2025-05-09,GBP,1.2657
2025-05-10,AUD,0.6514
2025-05-10,EUR,1.0794
2025-05-10,GBP,1.2754
2025-05-11,AUD,0.6551
2025-05-11,EUR,1.0847
2025-05-11,GBP,1.2736
2025-05-13,AUD,0.6538
2025-05-13,EUR,1.0763
2025-05-13,GBP,1.2748
2025-05-14,AUD,0.6486
2025-05-14,EUR,1.0804
2025-05-14,GBP,1.265
2025-05-15,AUD,0.6529
2025-05-15,EUR,1.0861
2025-05-15,GBP,1.2682
2025-05-16,AUD,0.6537
2025-05-16,EUR,1.0872
2025-05-16,GBP,1.2653
2025-05-17,AUD,0.6533
2025-05-17,EUR,1.077
2025-05-17,GBP,1.2709
2025-05-18,AUD,0.6511
2025-05-18,EUR,1.0776
2025-05-18,GBP,1.2761
2025-05-20,AUD,0.6464
2025-05-20,EUR,1.0773
2025-05-20,GBP,1.2653
2025-05-21,AUD,0.6494
2025-05-21,EUR,1.08
2025-05-21,GBP,1.2716
2025-05-22,AUD,0.6498
2025-05-22,EUR,1.0853
2025-05-22,GBP,1.2751
2025-05-23,AUD,0.6547
2025-05-23,EUR,1.082
2025-05-23,GBP,1.2732
2025-05-24,AUD,0.6522
2025-05-24,EUR,1.0725
2025-05-24,GBP,1.2746
2025-05-25,AUD,0.6528
2025-05-25,EUR,1.0755
2025-05-25,GBP,1.2678
2025-05-27,AUD,0.6448
2025-05-27,EUR,1.0762
2025-05-27,GBP,1.2718
2025-05-28,AUD,0.6453
2025-05-28,EUR,1.0795
2025-05-28,GBP,1.2633
2025-05-29,AUD,0.6482
2025-05-29,EUR,1.0757
2025-05-29,GBP,1.2757
2025-05-30,AUD,0.653
2025-05-30,EUR,1.0776
2025-05-30,GBP,1.2768
2025-05-31,AUD,0.6485
2025-05-31,EUR,1.0865
2025-05-31,GBP,1.2656
2025-06-01,AUD,0.6494
2025-06-01,EUR,1.081
2025-06-01,GBP,1.2702
2025-06-03,AUD,0.6555
2025-06-03,EUR,1.0833
2025-06-03,GBP,1.2712
2025-06-04,AUD,0.6552
2025-06-04,EUR,1.0734
2025-06-04,GBP,1.2704
2025-06-05,AUD,0.6453
2025-06-05,EUR,1.0864
2025-06-05,GBP,1.2747
2025-06-06,AUD,0.6551
2025-06-06,EUR,1.0825
2025-06-06,GBP,1.265
2025-06-07,AUD,0.648
2025-06-07,EUR,1.0782
2025-06-07,GBP,1.2659
2025-06-08,AUD,0.6555
2025-06-08,EUR,1.0809
2025-06-08,GBP,1.2726
2025-06-10,AUD,0.6494
2025-06-10,EUR,1.0858
2025-06-10,GBP,1.2663
2025-06-11,AUD,0.6443
2025-06-11,EUR,1.0826
2025-06-11,GBP,1.2682
2025-06-12,AUD,0.6451
2025-06-12,EUR,1.0793
2025-06-12,GBP,1.2668
2025-06-13,AUD,0.6499
2025-06-13,EUR,1.0751
2025-06-13,GBP,1.2665
2025-06-14,AUD,0.646
2025-06-14,EUR,1.0873
2025-06-14,GBP,1.2705
2025-06-15,AUD,0.6543
2025-06-15,EUR,1.0736
2025-06-15,GBP,1.2749
2025-06-17,AUD,0.6535
2025-06-17,EUR,1.0819
2025-06-17,GBP,1.2635
2025-06-18,AUD,0.6549
2025-06-18,EUR,1.0766
2025-06-18,GBP,1.2667
2025-06-19,AUD,0.6482
2025-06-19,EUR,1.0782
2025-06-19,GBP,1.2684
2025-06-20,AUD,0.6475
2025-06-20,EUR,1.0747
2025-06-20,GBP,1.2695
2025-06-21,AUD,0.6488
2025-06-21,EUR,1.0813
2025-06-21,GBP,1.2659
2025-06-22,AUD,0.6456
2025-06-22,EUR,1.0843
2025-06-22,GBP,1.2667
2025-06-24,AUD,0.6468
2025-06-24,EUR,1.0744
2025-06-24,GBP,1.2634
2025-06-25,AUD,0.6558
2025-06-25,EUR,1.0774
2025-06-25,GBP,1.2719
2025-06-26,AUD,0.651
2025-06-26,EUR,1.0744
2025-06-26,GBP,1.2641
2025-06-27,AUD,0.6531
2025-06-27,EUR,1.0855
2025-06-27,GBP,1.2718
2025-06-28,AUD,0.6542
2025-06-28,EUR,1.0856
2025-06-28,GBP,1.2711
2025-06-29,AUD,0.6504
2025-06-29,EUR,1.0785
2025-06-29,GBP,1.2663
2025-07-01,AUD,0.6511
2025-07-01,EUR,1.0727
2025-07-01,GBP,1.2714
2025-07-02,AUD,0.6469
2025-07-02,EUR,1.0807
2025-07-02,GBP,1.2721
2025-07-03,AUD,0.6492
2025-07-03,EUR,1.0826
2025-07-03,GBP,1.2755
2025-07-04,AUD,0.6479
2025-07-04,EUR,1.0722
2025-07-04,GBP,1.2677
2025-07-05,AUD,0.6483
2025-07-05,EUR,1.085
2025-07-05,GBP,1.2684
2025-07-06,AUD,0.6504
2025-07-06,EUR,1.0819
2025-07-06,GBP,1.27
2025-07-08,AUD,0.6488
2025-07-08,EUR,1.0853
2025-07-08,GBP,1.2765
2025-07-09,AUD,0.6487
2025-07-09,EUR,1.073
2025-07-09,GBP,1.2765
2025-07-10,AUD,0.6462
2025-07-10,EUR,1.0869
2025-07-10,GBP,1.273
2025-07-11,AUD,0.6458
2025-07-11,EUR,1.0823
2025-07-11,GBP,1.2725
2025-07-12,AUD,0.6516
2025-07-12,EUR,1.0817
2025-07-12,GBP,1.2753
2025-07-13,AUD,0.6457
2025-07-13,EUR,1.076
2025-07-13,GBP,1.2632
2025-07-15,AUD,0.6519
2025-07-15,EUR,1.0763
2025-07-15,GBP,1.2644
2025-07-16,AUD,0.6465
2025-07-16,EUR,1.0837
2025-07-16,GBP,1.2644
2025-07-17,AUD,0.6489
2025-07-17,EUR,1.085
2025-07-17,GBP,1.2686
2025-07-18,AUD,0.6487
2025-07-18,EUR,1.0849
2025-07-18,GBP,1.2641
2025-07-19,AUD,0.6536
2025-07-19,EUR,1.0752
2025-07-19,GBP,1.2757
2025-07-20,AUD,0.6542
2025-07-20,EUR,1.08
2025-07-20,GBP,1.2731
2025-07-22,AUD,0.6535
2025-07-22,EUR,1.0813
2025-07-22,GBP,1.2648
2025-07-23,AUD,0.6449
2025-07-23,EUR,1.0866
2025-07-23,GBP,1.2666
2025-07-24,AUD,0.6502
2025-07-24,EUR,1.087
2025-07-24,GBP,1.2674
2025-07-25,AUD,0.6451
2025-07-25,EUR,1.0844
2025-07-25,GBP,1.2711
2025-07-26,AUD,0.6485
2025-07-26,EUR,1.0851
2025-07-26,GBP,1.2757
2025-07-27,AUD,0.6525
2025-07-27,EUR,1.0845
2025-07-27,GBP,1.2673
2025-07-29,AUD,0.6444
2025-07-29,EUR,1.0859
2025-07-29,GBP,1.269
2025-07-30,AUD,0.6497
2025-07-30,EUR,1.0801
2025-07-30,GBP,1.265
2025-07-31,AUD,0.6555
2025-07-31,EUR,1.0828
2025-07-31,GBP,1.2717
2025-08-01,AUD,0.6541
2025-08-01,EUR,1.0768
2025-08-01,GBP,1.2715
2025-08-02,AUD,0.644
2025-08-02,EUR,1.0755
2025-08-02,GBP,1.2652
2025-08-03,AUD,0.649
2025-08-03,EUR,1.0778
2025-08-03,GBP,1.2695
2025-08-05,AUD,0.6465
2025-08-05,EUR,1.0879
2025-08-05,GBP,1.2674
2025-08-06,AUD,0.6559
2025-08-06,EUR,1.0731
2025-08-06,GBP,1.2717
2025-08-07,AUD,0.655
2025-08-07,EUR,1.0811
2025-08-07,GBP,1.2688
2025-08-08,AUD,0.6554
2025-08-08,EUR,1.0868
2025-08-08,GBP,1.2695
2025-08-09,AUD,0.6454
2025-08-09,EUR,1.0747
2025-08-09,GBP,1.2735
2025-08-10,AUD,0.6531
2025-08-10,EUR,1.0775
2025-08-10,GBP,1.2741
2025-08-12,AUD,0.6557
2025-08-12,EUR,1.0732
2025-08-12,GBP,1.2661
2025-08-13,AUD,0.6512
2025-08-13,EUR,1.0809
2025-08-13,GBP,1.2657
2025-08-14,AUD,0.6451
2025-08-14,EUR,1.0811
2025-08-14,GBP,1.2652
2025-08-15,AUD,0.6485
2025-08-15,EUR,1.0761
2025-08-15,GBP,1.2732
2025-08-16,AUD,0.6475
2025-08-16,EUR,1.0812
2025-08-16,GBP,1.2673
2025-08-17,AUD,0.6521
2025-08-17,EUR,1.0766
2025-08-17,GBP,1.2754
2025-08-19,AUD,0.6523
2025-08-19,EUR,1.0835
2025-08-19,GBP,1.2657
2025-08-20,AUD,0.6538
2025-08-20,EUR,1.0868
2025-08-20,GBP,1.2681
2025-08-21,AUD,0.6519
2025-08-21,EUR,1.0732
2025-08-21,GBP,1.2631
2025-08-22,AUD,0.6456
2025-08-22,EUR,1.0733
2025-08-22,GBP,1.27
2025-08-23,AUD,0.6496
2025-08-23,EUR,1.0796
2025-08-23,GBP,1.2711
2025-08-24,AUD,0.6552
2025-08-24,EUR,1.0873
2025-08-24,GBP,1.2648
2025-08-26,AUD,0.6442
2025-08-26,EUR,1.0761
2025-08-26,GBP,1.2698
2025-08-27,AUD,0.6465
2025-08-27,EUR,1.0806
2025-08-27,GBP,1.2752
2025-08-28,AUD,0.6499
2025-08-28,EUR,1.0804
2025-08-28,GBP,1.2733
2025-08-29,AUD,0.6505
2025-08-29,EUR,1.0739
2025-08-29,GBP,1.274
2025-08-30,AUD,0.6459
2025-08-30,EUR,1.0859
2025-08-30,GBP,1.2653
2025-08-31,AUD,0.6556
2025-08-31,EUR,1.0743
2025-08-31,GBP,1.2742
2025-09-02,AUD,0.6556
2025-09-02,EUR,1.0752
2025-09-02,GBP,1.2665
2025-09-03,AUD,0.6549
2025-09-03,EUR,1.0727
2025-09-03,GBP,1.2756
2025-09-04,AUD,0.6448
2025-09-04,EUR,1.0749
2025-09-04,GBP,1.2701
2025-09-05,AUD,0.6548
2025-09-05,EUR,1.0836
2025-09-05,GBP,1.2655
2025-09-06,AUD,0.6455
2025-09-06,EUR,1.0764
2025-09-06,GBP,1.2667
2025-09-07,AUD,0.6548
2025-09-07,EUR,1.0764
2025-09-07,GBP,1.2648
2025-09-09,AUD,0.6456
2025-09-09,EUR,1.0827
2025-09-09,GBP,1.2666
2025-09-10,AUD,0.6473
2025-09-10,EUR,1.0779
2025-09-10,GBP,1.2759
2025-09-11,AUD,0.645
2025-09-11,EUR,1.0753
2025-09-11,GBP,1.2769
2025-09-12,AUD,0.6483
2025-09-12,EUR,1.0832
2025-09-12,GBP,1.2721
2025-09-13,AUD,0.6501
2025-09-13,EUR,1.0871
2025-09-13,GBP,1.2694
2025-09-14,AUD,0.6466
2025-09-14,EUR,1.0782
2025-09-14,GBP,1.2767
2025-09-16,AUD,0.6457
2025-09-16,EUR,1.0823
2025-09-16,GBP,1.2757
2025-09-17,AUD,0.6509
2025-09-17,EUR,1.0866
2025-09-17,GBP,1.2704
2025-09-18,AUD,0.6508
2025-09-18,EUR,1.0839
2025-09-18,GBP,1.2763
2025-09-19,AUD,0.648
2025-09-19,EUR,1.0748
2025-09-19,GBP,1.2767
2025-09-20,AUD,0.6474
2025-09-20,EUR,1.0791
2025-09-20,GBP,1.2767
2025-09-21,AUD,0.6531
2025-09-21,EUR,1.0791
2025-09-21,GBP,1.2736
2025-09-23,AUD,0.6476
2025-09-23,EUR,1.0865
2025-09-23,GBP,1.2666
2025-09-24,AUD,0.6476
2025-09-24,EUR,1.0832
2025-09-24,GBP,1.2719
2025-09-25,AUD,0.6494
2025-09-25,EUR,1.0764
2025-09-25,GBP,1.2751
2025-09-26,AUD,0.6483
2025-09-26,EUR,1.0726
2025-09-26,GBP,1.274
2025-09-27,AUD,0.6486
2025-09-27,EUR,1.0773
2025-09-27,GBP,1.2708
2025-09-28,AUD,0.6488
2025-09-28,EUR,1.0794
2025-09-28,GBP,1.2646
2025-09-30,AUD,0.6444
2025-09-30,EUR,1.0754
2025-09-30,GBP,1.2686
2025-10-01,AUD,0.6468
2025-10-01,EUR,1.075
2025-10-01,GBP,1.2662
2025-10-02,AUD,0.6448
2025-10-02,EUR,1.0803
2025-10-02,GBP,1.2668
2025-10-03,AUD,0.6444
2025-10-03,EUR,1.0794
2025-10-03,GBP,1.2755
2025-10-04,AUD,0.6508
2025-10-04,EUR,1.0799
2025-10-04,GBP,1.2676
2025-10-05,AUD,0.655
2025-10-05,EUR,1.0875
2025-10-05,GBP,1.2661
2025-10-07,AUD,0.6543
2025-10-07,EUR,1.0771
2025-10-07,GBP,1.2758
2025-10-08,AUD,0.6445
2025-10-08,EUR,1.0744
2025-10-08,GBP,1.2669
2025-10-09,AUD,0.644
2025-10-09,EUR,1.0875
2025-10-09,GBP,1.2769
2025-10-10,AUD,0.6478
2025-10-10,EUR,1.0827
2025-10-10,GBP,1.2732
2025-10-11,AUD,0.6466
2025-10-11,EUR,1.0777
2025-10-11,GBP,1.2683
2025-10-12,AUD,0.6559
2025-10-12,EUR,1.0842
2025-10-12,GBP,1.2702
2025-10-14,AUD,0.6556
2025-10-14,EUR,1.0809
2025-10-14,GBP,1.2708
2025-10-15,AUD,0.6545
2025-10-15,EUR,1.0758
2025-10-15,GBP,1.2676
2025-10-16,AUD,0.6547
2025-10-16,EUR,1.0734
2025-10-16,GBP,1.2704
2025-10-17,AUD,0.6546
2025-10-17,EUR,1.0802
2025-10-17,GBP,1.2654
2025-10-18,AUD,0.6493
2025-10-18,EUR,1.0721
2025-10-18,GBP,1.2687
2025-10-19,AUD,0.6558
2025-10-19,EUR,1.0869
2025-10-19,GBP,1.2716
2025-10-21,AUD,0.6521
2025-10-21,EUR,1.0733
2025-10-21,GBP,1.266
2025-10-22,AUD,0.6474
2025-10-22,EUR,1.0741
2025-10-22,GBP,1.2636
2025-10-23,AUD,0.647
2025-10-23,EUR,1.0795
2025-10-23,GBP,1.2674
2025-10-24,AUD,0.6454
2025-10-24,EUR,1.0801
2025-10-24,GBP,1.2691
2025-10-25,AUD,0.655
2025-10-25,EUR,1.0814
2025-10-25,GBP,1.2746
2025-10-26,AUD,0.6503
2025-10-26,EUR,1.0826
2025-10-26,GBP,1.2658
2025-10-28,AUD,0.6544
2025-10-28,EUR,1.0788
2025-10-28,GBP,1.2693
2025-10-29,AUD,0.6506
2025-10-29,EUR,1.0866
2025-10-29,GBP,1.2701
2025-10-30,AUD,0.6451
2025-10-30,EUR,1.0865
2025-10-30,GBP,1.2752
2025-10-31,AUD,0.6509
2025-10-31,EUR,1.0767
2025-10-31,GBP,1.271
2025-11-01,AUD,0.6459
2025-11-01,EUR,1.084
2025-11-01,GBP,1.2752
2025-11-02,AUD,0.6468
2025-11-02,EUR,1.0854
2025-11-02,GBP,1.2686
2025-11-04,AUD,0.654
2025-11-04,EUR,1.0808
2025-11-04,GBP,1.2731
2025-11-05,AUD,0.6521
2025-11-05,EUR,1.0864
2025-11-05,GBP,1.2757
2025-11-06,AUD,0.6491
2025-11-06,EUR,1.073
2025-11-06,GBP,1.2713
2025-11-07,AUD,0.6546
2025-11-07,EUR,1.0773
2025-11-07,GBP,1.2734
2025-11-08,AUD,0.647
2025-11-08,EUR,1.0871
2025-11-08,GBP,1.2641
2025-11-09,AUD,0.6458
2025-11-09,EUR,1.0734
2025-11-09,GBP,1.2656
2025-11-11,AUD,0.6518
2025-11-11,EUR,1.0771
2025-11-11,GBP,1.2745
2025-11-12,AUD,0.6472
2025-11-12,EUR,1.0725
2025-11-12,GBP,1.2678
2025-11-13,AUD,0.6474
2025-11-13,EUR,1.0728
2025-11-13,GBP,1.2653
2025-11-14,AUD,0.6481
2025-11-14,EUR,1.0815
2025-11-14,GBP,1.2728
2025-11-15,AUD,0.6549
2025-11-15,EUR,1.0835
2025-11-15,GBP,1.2716
2025-11-16,AUD,0.6446
2025-11-16,EUR,1.0795
2025-11-16,GBP,1.2701
2025-11-18,AUD,0.6549
2025-11-18,EUR,1.0789
2025-11-18,GBP,1.273
2025-11-19,AUD,0.6475
2025-11-19,EUR,1.0796
2025-11-19,GBP,1.2648
2025-11-20,AUD,0.6504
2025-11-20,EUR,1.0753
2025-11-20,GBP,1.2749
2025-11-21,AUD,0.6474
2025-11-21,EUR,1.0808
2025-11-21,GBP,1.2648
2025-11-22,AUD,0.6448
2025-11-22,EUR,1.0815
2025-11-22,GBP,1.277
2025-11-23,AUD,0.6516
2025-11-23,EUR,1.0761
2025-11-23,GBP,1.2725
2025-11-25,AUD,0.6477
2025-11-25,EUR,1.0879
2025-11-25,GBP,1.273
2025-11-26,AUD,0.6554
2025-11-26,EUR,1.0738
2025-11-26,GBP,1.2705
2025-11-27,AUD,0.646
2025-11-27,EUR,1.0754
2025-11-27,GBP,1.2754
2025-11-28,AUD,0.6544
2025-11-28,EUR,1.0741
2025-11-28,GBP,1.2671
2025-11-29,AUD,0.6464
2025-11-29,EUR,1.086
2025-11-29,GBP,1.2685
2025-11-30,AUD,0.6505
2025-11-30,EUR,1.0862
2025-11-30,GBP,1.2689
2025-12-02,AUD,0.654
2025-12-02,EUR,1.074
2025-12-02,GBP,1.2717
2025-12-03,AUD,0.6549
2025-12-03,EUR,1.084
2025-12-03,GBP,1.2734
2025-12-04,AUD,0.6492
2025-12-04,EUR,1.0817
2025-12-04,GBP,1.272
2025-12-05,AUD,0.6514
2025-12-05,EUR,1.0835
2025-12-05,GBP,1.2667
2025-12-06,AUD,0.6447
2025-12-06,EUR,1.0797
2025-12-06,GBP,1.2768
2025-12-07,AUD,0.6541
2025-12-07,EUR,1.0818
2025-12-07,GBP,1.2666
2025-12-09,AUD,0.6459
2025-12-09,EUR,1.0721
2025-12-09,GBP,1.2634
2025-12-10,AUD,0.6463
2025-12-10,EUR,1.073
2025-12-10,GBP,1.2749
2025-12-11,AUD,0.653
2025-12-11,EUR,1.0815
2025-12-11,GBP,1.2643
2025-12-12,AUD,0.6449
2025-12-12,EUR,1.0776
2025-12-12,GBP,1.2647
2025-12-13,AUD,0.6462
2025-12-13,EUR,1.0817
2025-12-13,GBP,1.2664
2025-12-14,AUD,0.6546
2025-12-14,EUR,1.0853
2025-12-14,GBP,1.2715
2025-12-16,AUD,0.6511
2025-12-16,EUR,1.0875
2025-12-16,GBP,1.2663
2025-12-17,AUD,0.6464
2025-12-17,EUR,1.0723
2025-12-17,GBP,1.2718
2025-12-18,AUD,0.651
2025-12-18,EUR,1.079
2025-12-18,GBP,1.2694
2025-12-19,AUD,0.6486
2025-12-19,EUR,1.0792
2025-12-19,GBP,1.2724
2025-12-20,AUD,0.6479
2025-12-20,EUR,1.0775
2025-12-20,GBP,1.2744
2025-12-21,AUD,0.6498
2025-12-21,EUR,1.0738
2025-12-21,GBP,1.2748
2025-12-23,AUD,0.6497
2025-12-23,EUR,1.0843
2025-12-23,GBP,1.276
2025-12-24,AUD,0.6517
2025-12-24,EUR,1.0759
2025-12-24,GBP,1.2757
2025-12-25,AUD,0.6531
2025-12-25,EUR,1.074
2025-12-25,GBP,1.2721
2025-12-26,AUD,0.6544
2025-12-26,EUR,1.0819
2025-12-26,GBP,1.2751
2025-12-27,AUD,0.6547
2025-12-27,EUR,1.083
2025-12-27,GBP,1.2679
2025-12-28,AUD,0.6503
2025-12-28,EUR,1.0816
2025-12-28,GBP,1.274
2025-12-30,AUD,0.6508
2025-12-30,EUR,1.0738
2025-12-30,GBP,1.2695
2025-12-31,AUD,0.6502
2025-12-31,EUR,1.0817
2025-12-31,GBP,1.2677
2026-01-01,AUD,0.6551
2026-01-01,EUR,1.0794
2026-01-01,GBP,1.2634
2026-01-02,AUD,0.6532
2026-01-02,EUR,1.0836
2026-01-02,GBP,1.2671
2026-01-03,AUD,0.6473
2026-01-03,EUR,1.0843
2026-01-03,GBP,1.269
2026-01-04,AUD,0.6555
2026-01-04,EUR,1.0732
2026-01-04,GBP,1.2737
2026-01-06,AUD,0.6553
2026-01-06,EUR,1.0808
2026-01-06,GBP,1.2666
2026-01-07,AUD,0.6538
2026-01-07,EUR,1.0776
2026-01-07,GBP,1.2691
2026-01-08,AUD,0.6467
2026-01-08,EUR,1.0841
2026-01-08,GBP,1.2759
2026-01-09,AUD,0.6503
2026-01-09,EUR,1.0773
2026-01-09,GBP,1.2756
2026-01-10,AUD,0.6449
2026-01-10,EUR,1.0851
2026-01-10,GBP,1.2652
2026-01-11,AUD,0.6524
2026-01-11,EUR,1.0858
2026-01-11,GBP,1.2715
2026-01-13,AUD,0.6487
2026-01-13,EUR,1.0728
2026-01-13,GBP,1.2664
2026-01-14,AUD,0.647
2026-01-14,EUR,1.0797
2026-01-14,GBP,1.2707
2026-01-15,AUD,0.6553
2026-01-15,EUR,1.0787
2026-01-15,GBP,1.2765
2026-01-16,AUD,0.6474
2026-01-16,EUR,1.0803
2026-01-16,GBP,1.2704
2026-01-17,AUD,0.6527
2026-01-17,EUR,1.073
2026-01-17,GBP,1.2751
2026-01-18,AUD,0.6538
2026-01-18,EUR,1.0808
2026-01-18,GBP,1.2747
2026-01-20,AUD,0.6458
2026-01-20,EUR,1.0851
2026-01-20,GBP,1.274
2026-01-21,AUD,0.6554
2026-01-21,EUR,1.0867
2026-01-21,GBP,1.2692
2026-01-22,AUD,0.6456
2026-01-22,EUR,1.0862
2026-01-22,GBP,1.2709
2026-01-23,AUD,0.646
2026-01-23,EUR,1.0826
2026-01-23,GBP,1.276
2026-01-24,AUD,0.6526
2026-01-24,EUR,1.0744
2026-01-24,GBP,1.2646
2026-01-25,AUD,0.6553
2026-01-25,EUR,1.0844
2026-01-25,GBP,1.2713
2026-01-27,AUD,0.6522
2026-01-27,EUR,1.0737
2026-01-27,GBP,1.2693
2026-01-28,AUD,0.6479
2026-01-28,EUR,1.0874
2026-01-28,GBP,1.2651
2026-01-29,AUD,0.656
2026-01-29,EUR,1.0844
2026-01-29,GBP,1.2722
2026-01-30,AUD,0.6529
2026-01-30,EUR,1.0847
2026-01-30,GBP,1.2758
2026-01-31,AUD,0.6504
2026-01-31,EUR,1.0827
2026-01-31,GBP,1.2728
2026-02-01,AUD,0.6519
2026-02-01,EUR,1.0772
2026-02-01,GBP,1.263
2026-02-03,AUD,0.6533
2026-02-03,EUR,1.0803
2026-02-03,GBP,1.271
2026-02-04,AUD,0.6527
2026-02-04,EUR,1.0841
2026-02-04,GBP,1.2662
2026-02-05,AUD,0.6453
2026-02-05,EUR,1.0804
2026-02-05,GBP,1.2668
2026-02-06,AUD,0.6536
2026-02-06,EUR,1.0829
2026-02-06,GBP,1.2753
2026-02-07,AUD,0.6535
2026-02-07,EUR,1.0801
2026-02-07,GBP,1.276
2026-02-08,AUD,0.6516
2026-02-08,EUR,1.0798
2026-02-08,GBP,1.2637
2026-02-10,AUD,0.6446
2026-02-10,EUR,1.0832
2026-02-10,GBP,1.2716
2026-02-11,AUD,0.6528
2026-02-11,EUR,1.0788
2026-02-11,GBP,1.2759
2026-02-12,AUD,0.6551
2026-02-12,EUR,1.0761
2026-02-12,GBP,1.2763
2026-02-13,AUD,0.651
2026-02-13,EUR,1.0836
2026-02-13,GBP,1.2762
2026-02-14,AUD,0.6467
2026-02-14,EUR,1.087
2026-02-14,GBP,1.2758
2026-02-15,AUD,0.6537
2026-02-15,EUR,1.0728
2026-02-15,GBP,1.269
2026-02-17,AUD,0.6476
2026-02-17,EUR,1.0876
2026-02-17,GBP,1.2707
2026-02-18,AUD,0.6559
2026-02-18,EUR,1.0821
2026-02-18,GBP,1.2722
2026-02-19,AUD,0.649
2026-02-19,EUR,1.0842
2026-02-19,GBP,1.2722
2026-02-20,AUD,0.6531
2026-02-20,EUR,1.0741
2026-02-20,GBP,1.2655
2026-02-21,AUD,0.6518
2026-02-21,EUR,1.0777
2026-02-21,GBP,1.274
2026-02-22,AUD,0.6543
2026-02-22,EUR,1.0872
2026-02-22,GBP,1.2709
2026-02-24,AUD,0.6489
2026-02-24,EUR,1.0797
2026-02-24,GBP,1.2632
2026-02-25,AUD,0.6541
2026-02-25,EUR,1.0733
2026-02-25,GBP,1.2697
2026-02-26,AUD,0.6446
2026-02-26,EUR,1.0867
2026-02-26,GBP,1.2698
2026-02-27,AUD,0.6523
2026-02-27,EUR,1.0773
2026-02-27,GBP,1.2758
2026-02-28,AUD,0.6541
2026-02-28,EUR,1.074
2026-02-28,GBP,1.2642
2026-03-01,AUD,0.6547
2026-03-01,EUR,1.0862
2026-03-01,GBP,1.2636
2026-03-03,AUD,0.6543
2026-03-03,EUR,1.0773
2026-03-03,GBP,1.2742
2026-03-04,AUD,0.6478
2026-03-04,EUR,1.0742
2026-03-04,GBP,1.2758
2026-03-05,AUD,0.6458
2026-03-05,EUR,1.0775
2026-03-05,GBP,1.2741
2026-03-06,AUD,0.6546
2026-03-06,EUR,1.0786
2026-03-06,GBP,1.2664
2026-03-07,AUD,0.6528
2026-03-07,EUR,1.0852
2026-03-07,GBP,1.2764
2026-03-08,AUD,0.6526
2026-03-08,EUR,1.0804
2026-03-08,GBP,1.2655
2026-03-10,AUD,0.6557
2026-03-10,EUR,1.0869
2026-03-10,GBP,1.2768
2026-03-11,AUD,0.6466
2026-03-11,EUR,1.0845
2026-03-11,GBP,1.2745
2026-03-12,AUD,0.6526
2026-03-12,EUR,1.086
2026-03-12,GBP,1.2706
2026-03-13,AUD,0.647
2026-03-13,EUR,1.0819
2026-03-13,GBP,1.2716
2026-03-14,AUD,0.6471
2026-03-14,EUR,1.0807
2026-03-14,GBP,1.2757
2026-03-15,AUD,0.646
2026-03-15,EUR,1.079
2026-03-15,GBP,1.2767
2026-03-17,AUD,0.6529
2026-03-17,EUR,1.0861
2026-03-17,GBP,1.2744
2026-03-18,AUD,0.6476
2026-03-18,EUR,1.0877
2026-03-18,GBP,1.2746
2026-03-19,AUD,0.6444
2026-03-19,EUR,1.0742
2026-03-19,GBP,1.2712
2026-03-20,AUD,0.649
2026-03-20,EUR,1.0847
2026-03-20,GBP,1.268
2026-03-21,AUD,0.6447
2026-03-21,EUR,1.0772
2026-03-21,GBP,1.2744
2026-03-22,AUD,0.6501
2026-03-22,EUR,1.0799
2026-03-22,GBP,1.2707
2026-03-24,AUD,0.6527
2026-03-24,EUR,1.0828
2026-03-24,GBP,1.2714
2026-03-25,AUD,0.6525
2026-03-25,EUR,1.0873
2026-03-25,GBP,1.2707
2026-03-26,AUD,0.6528
2026-03-26,EUR,1.0736
2026-03-26,GBP,1.273
2026-03-27,AUD,0.653
2026-03-27,EUR,1.0817
2026-03-27,GBP,1.2766
2026-03-28,AUD,0.6543
2026-03-28,EUR,1.0783
2026-03-28,GBP,1.2704
2026-03-29,AUD,0.6521
2026-03-29,EUR,1.0879
2026-03-29,GBP,1.2697
2026-03-31,AUD,0.6469
2026-03-31,EUR,1.0815
2026-03-31,GBP,1.2641
2026-04-01,AUD,0.6523
2026-04-01,EUR,1.082
2026-04-01,GBP,1.269
2026-04-02,AUD,0.6504
2026-04-02,EUR,1.0834
2026-04-02,GBP,1.275
2026-04-03,AUD,0.6486
2026-04-03,EUR,1.0861
2026-04-03,GBP,1.27
2026-04-04,AUD,0.6496
2026-04-04,EUR,1.0735
2026-04-04,GBP,1.2749
2026-04-05,AUD,0.6503
2026-04-05,EUR,1.0789
2026-04-05,GBP,1.2637
2026-04-07,AUD,0.6477
2026-04-07,EUR,1.0774
2026-04-07,GBP,1.2744
2026-04-08,AUD,0.6461
2026-04-08,EUR,1.0841
2026-04-08,GBP,1.2714
2026-04-09,AUD,0.6512
2026-04-09,EUR,1.0877
2026-04-09,GBP,1.2697
2026-04-10,AUD,0.6474
2026-04-10,EUR,1.0845
2026-04-10,GBP,1.2707
2026-04-11,AUD,0.6509
2026-04-11,EUR,1.0749
2026-04-11,GBP,1.2641
2026-04-12,AUD,0.644
2026-04-12,EUR,1.0879
2026-04-12,GBP,1.2641
2026-04-14,AUD,0.6536
2026-04-14,EUR,1.0846
2026-04-14,GBP,1.2655
2026-04-15,AUD,0.6487
2026-04-15,EUR,1.0806
2026-04-15,GBP,1.2759
2026-04-16,AUD,0.6455
2026-04-16,EUR,1.0788
2026-04-16,GBP,1.2648
2026-04-17,AUD,0.65
2026-04-17,EUR,1.0822
2026-04-17,GBP,1.2668
2026-04-18,AUD,0.6557
2026-04-18,EUR,1.0788
2026-04-18,GBP,1.2758
2026-04-19,AUD,0.6512
2026-04-19,EUR,1.0795
2026-04-19,GBP,1.2685
2026-04-21,AUD,0.6552
2026-04-21,EUR,1.0812
2026-04-21,GBP,1.2738
2026-04-22,AUD,0.6496
2026-04-22,EUR,1.088
2026-04-22,GBP,1.2693
2026-04-23,AUD,0.6479
2026-04-23,EUR,1.0748
2026-04-23,GBP,1.2672
2026-04-24,AUD,0.6545
2026-04-24,EUR,1.0773
2026-04-24,GBP,1.2706
2026-04-25,AUD,0.6491
2026-04-25,EUR,1.0753
2026-04-25,GBP,1.2732
2026-04-26,AUD,0.6536
2026-04-26,EUR,1.0872
2026-04-26,GBP,1.2703
2026-04-28,AUD,0.6502
2026-04-28,EUR,1.0786
2026-04-28,GBP,1.2753
2026-04-29,AUD,0.6458
2026-04-29,EUR,1.0828
2026-04-29,GBP,1.2639
2026-04-30,AUD,0.655
2026-04-30,EUR,1.0767
2026-04-30,GBP,1.2677
2026-05-01,AUD,0.6559
2026-05-01,EUR,1.0738
2026-05-01,GBP,1.2759
2026-05-02,AUD,0.6501
2026-05-02,EUR,1.0778
2026-05-02,GBP,1.274
2026-05-03,AUD,0.6494
2026-05-03,EUR,1.0746
2026-05-03,GBP,1.2738
2026-05-05,AUD,0.6469
2026-05-05,EUR,1.0848
2026-05-05,GBP,1.2695
2026-05-06,AUD,0.6532
2026-05-06,EUR,1.0733
2026-05-06,GBP,1.2762
2026-05-07,AUD,0.652
2026-05-07,EUR,1.0777
2026-05-07,GBP,1.2659
2026-05-08,AUD,0.6464
2026-05-08,EUR,1.085
2026-05-08,GBP,1.2676
2026-05-09,AUD,0.6526
2026-05-09,EUR,1.0848
2026-05-09,GBP,1.2715
2026-05-10,AUD,0.6489
2026-05-10,EUR,1.0764
2026-05-10,GBP,1.2749
2026-05-12,AUD,0.6507
2026-05-12,EUR,1.0849
2026-05-12,GBP,1.267
2026-05-13,AUD,0.6542
2026-05-13,EUR,1.082
2026-05-13,GBP,1.267
2026-05-14,AUD,0.6453
2026-05-14,EUR,1.083
2026-05-14,GBP,1.2701
2026-05-15,AUD,0.6446
2026-05-15,EUR,1.0868
2026-05-15,GBP,1.2709
2026-05-16,AUD,0.6529
2026-05-16,EUR,1.0813
2026-05-16,GBP,1.2704
2026-05-17,AUD,0.6441
2026-05-17,EUR,1.0805
2026-05-17,GBP,1.2646
2026-05-19,AUD,0.6477
2026-05-19,EUR,1.0751
2026-05-19,GBP,1.2729
2026-05-20,AUD,0.6456
2026-05-20,EUR,1.0834
2026-05-20,GBP,1.2726
2026-05-21,AUD,0.6499
2026-05-21,EUR,1.0814
2026-05-21,GBP,1.2743
2026-05-22,AUD,0.6546
2026-05-22,EUR,1.0778
2026-05-22,GBP,1.2722
2026-05-23,AUD,0.6529
2026-05-23,EUR,1.0819
2026-05-23,GBP,1.2636
2026-05-24,AUD,0.6458
2026-05-24,EUR,1.0731
2026-05-24,GBP,1.2639
2026-05-26,AUD,0.6496
2026-05-26,EUR,1.0847
2026-05-26,GBP,1.2705
2026-05-27,AUD,0.645
2026-05-27,EUR,1.088
2026-05-27,GBP,1.2683
2026-05-28,AUD,0.65
2026-05-28,EUR,1.0748
2026-05-28,GBP,1.2726
2026-05-29,AUD,0.6467
2026-05-29,EUR,1.075
2026-05-29,GBP,1.2715
2026-05-30,AUD,0.6494
2026-05-30,EUR,1.0721
2026-05-30,GBP,1.2677
2026-05-31,AUD,0.6553
2026-05-31,EUR,1.0763
2026-05-31,GBP,1.2727
2026-06-02,AUD,0.6446
2026-06-02,EUR,1.074
2026-06-02,GBP,1.264
2026-06-03,AUD,0.652
2026-06-03,EUR,1.0845
2026-06-03,GBP,1.2639
2026-06-04,AUD,0.6508
2026-06-04,EUR,1.0827
2026-06-04,GBP,1.2714
2026-06-05,AUD,0.6523
2026-06-05,EUR,1.0782
2026-06-05,GBP,1.2661
2026-06-06,AUD,0.65
2026-06-06,EUR,1.0806
2026-06-06,GBP,1.2664
2026-06-07,AUD,0.6441
2026-06-07,EUR,1.0841
2026-06-07,GBP,1.2752
2026-06-09,AUD,0.6478
2026-06-09,EUR,1.0801
2026-06-09,GBP,1.2708
2026-06-10,AUD,0.6477
2026-06-10,EUR,1.0851
2026-06-10,GBP,1.2636
2026-06-11,AUD,0.6486
2026-06-11,EUR,1.0842
2026-06-11,GBP,1.2656
2026-06-12,AUD,0.6452
2026-06-12,EUR,1.0844
2026-06-12,GBP,1.2648
2026-06-13,AUD,0.6545
2026-06-13,EUR,1.0784
2026-06-13,GBP,1.2742
2026-06-14,AUD,0.6453
2026-06-14,EUR,1.0763
2026-06-14,GBP,1.2755
2026-06-16,AUD,0.6445
2026-06-16,EUR,1.0797
2026-06-16,GBP,1.2742
2026-06-17,AUD,0.6544
2026-06-17,EUR,1.0767
2026-06-17,GBP,1.2643
2026-06-18,AUD,0.6527
2026-06-18,EUR,1.0776
2026-06-18,GBP,1.2646
2026-06-19,AUD,0.6547
2026-06-19,EUR,1.0866
2026-06-19,GBP,1.271
2026-06-20,AUD,0.6513
2026-06-20,EUR,1.0845
2026-06-20,GBP,1.2692
2026-06-21,AUD,0.6535
2026-06-21,EUR,1.0836
2026-06-21,GBP,1.2738
2026-06-23,AUD,0.6558
2026-06-23,EUR,1.0812
2026-06-23,GBP,1.2743
2026-06-24,AUD,0.6524
2026-06-24,EUR,1.0783
2026-06-24,GBP,1.271
2026-06-25,AUD,0.6521
2026-06-25,EUR,1.0861
2026-06-25,GBP,1.2714
2026-06-26,AUD,0.6531
2026-06-26,EUR,1.077
2026-06-26,GBP,1.2658
2026-06-27,AUD,0.6472
2026-06-27,EUR,1.0782
2026-06-27,GBP,1.2711
2026-06-28,AUD,0.6547
2026-06-28,EUR,1.0826
2026-06-28,GBP,1.2734
2026-06-30,AUD,0.6444
2026-06-30,EUR,1.0844
2026-06-30,GBP,1.2705
2026-07-01,AUD,0.6485
2026-07-01,EUR,1.0843
2026-07-01,GBP,1.2695
